,file_name,pred_scores,pred_scores_max,pred_class_val,pred_class_,model
0,Non_offensive-05nBEvh.png,"[[-1.3081245   0.06785622 -0.12151579 -0.2024944  -0.45175076  5.223306
  -0.23093103  0.23206751 -0.29717126 -0.44517952 -1.1590068  -1.3280445 ]]",5.223306179046631,5,donald_trump,effnet_politics
1,Non_offensive-0bOKK62.png,"[[-1.281426    4.720195   -0.73724973 -0.7733995  -0.7006613  -0.6221545
   0.34855548  0.4534495  -0.35930315 -0.41768977 -0.81905186 -0.5718514 ]]",4.7201948165893555,1,animated,effnet_politics
2,Non_offensive-0JM56ut.png,"[[ 0.65810394 -0.3825702  -0.6718749   0.09450486  0.10878722 -0.2901561
   1.187615    0.80245554  0.44390434  0.11970465 -0.812676   -1.0311888 ]]",1.1876150369644165,6,george_w_bush,effnet_politics
3,Non_offensive-0Jzts4J.png,"[[ 1.0421276   2.5094588  -0.9839663  -0.5915181  -0.9276931  -0.7262964
   1.1762229  -0.03431049 -0.4017344   0.17697926 -0.9470154  -0.4869781 ]]",2.5094587802886963,1,animated,effnet_politics
4,Non_offensive-0N5ZKcH.png,"[[-6.2653887e-01  2.2529874e+00  3.4624488e+00 -1.2742949e+00
  -2.9299268e-01 -2.0066190e+00 -9.6246934e-01  1.1739396e+00
  -1.4913157e+00 -1.5445650e-03 -1.2825652e+00 -2.3310344e-01]]",3.462448835372925,2,barack_obama,effnet_politics
5,Non_offensive-0P5i3yI.png,"[[ 0.40586585  1.2549756  -0.00437797 -0.59728503 -0.2018299  -0.10204801
   0.3278797   0.2602117  -0.18458676  0.38823956 -0.80238795 -1.1495183 ]]",1.2549755573272705,1,animated,effnet_politics
6,Non_offensive-0p7HM8n.png,"[[ 0.96727484  0.77580726 -0.76106656 -0.84738857  0.30339813 -0.23984352
   0.59211165  0.82903445  0.0734468   0.11108963 -0.98989266 -1.2409737 ]]",0.9672748446464539,0,animals,effnet_politics
7,Non_offensive-0Te3Qys.png,"[[ 0.4507211   1.1916815  -0.45848626 -0.67496884  0.06359688  0.26472932
   0.5973474   0.0215442  -0.16729501  0.17026196 -0.61557704 -1.0578034 ]]",1.1916815042495728,1,animated,effnet_politics
8,Non_offensive-0UQh5Eo.png,"[[ 0.6624528   2.0896633  -0.72648484 -1.1200284  -0.6581634   0.00318174
   1.166002    0.572605   -0.727376   -0.16360249 -0.65145785 -0.48161203]]",2.08966326713562,1,animated,effnet_politics
9,Non_offensive-0vqvDs5.png,"[[ 0.6389384   0.5492226  -0.37459645 -0.89705557  0.3931522   0.11888256
   0.28074902  0.32997555  0.01807794  0.05345985 -0.63085616 -0.81595695]]",0.6389384269714355,0,animals,effnet_politics
10,Non_offensive-1f2zSW8.png,"[[-0.46429452  0.8543493  -1.4282333  -0.23078483 -1.417205   -1.0440834
   5.533487    1.7616811  -1.3462042  -0.25896615 -1.4948823  -0.49652228]]",5.533486843109131,6,george_w_bush,effnet_politics
11,Non_offensive-1iLg1U1.png,"[[-1.4793011   4.883759   -0.9866025  -0.28539002 -0.00739304 -0.5770011
  -0.2763315  -0.5334186  -0.6231617  -0.702687    0.13118108 -0.42029637]]",4.883759021759033,1,animated,effnet_politics
12,Non_offensive-1nSSB9S.png,"[[ 0.6664533   2.1852975  -0.5385527  -0.6839715  -1.1960266   0.8616463
   0.13182387 -0.4952731  -0.4962869  -0.06144078 -0.5169612  -0.11998816]]",2.1852974891662598,1,animated,effnet_politics
13,Non_offensive-1Yj5Kns.png,"[[ 0.2393281   3.0849578  -1.0254579  -0.38968647 -0.22817251 -0.34071812
   0.22247018 -0.41734797 -0.26852393  0.582855   -0.9300323  -1.1592388 ]]",3.0849578380584717,1,animated,effnet_politics
14,Non_offensive-1YQOnyG.png,"[[-0.6136085   0.11211979 -0.56580555  6.1425915  -0.326696   -0.60705996
  -0.53622574 -0.50669825 -1.5055492  -0.6577642  -0.9907814   0.02212241]]",6.14259147644043,3,bernie_sanders,effnet_politics
15,Non_offensive-209BoJK.png,"[[-1.0322007  -0.21334879 -0.6240148   5.68199    -0.05824033 -0.32325915
  -0.3131796   0.7933681  -1.8639885  -0.79365593 -1.2365422  -0.39623716]]",5.681990146636963,3,bernie_sanders,effnet_politics
16,Non_offensive-27nZ2PK.png,"[[ 0.34087467  4.8245583  -1.2245867  -0.13997193 -0.24777201 -1.1079993
   0.434058    0.31857026 -1.063754   -0.27004075 -1.293518   -1.2184185 ]]",4.824558258056641,1,animated,effnet_politics
17,Non_offensive-27S1feu.png,"[[ 1.1610342   1.3285624  -0.6460893  -0.7978299  -0.4857907  -0.09242222
   0.5623472   0.46033567 -0.35693336  0.5646397  -1.1494592  -1.0881437 ]]",1.3285623788833618,1,animated,effnet_politics
18,Non_offensive-2iaC1qq.png,"[[ 3.06988     0.9643663  -0.59087205 -1.0342844  -0.325843   -0.28787947
   0.279896    0.2850684   0.2617886  -0.23737164 -1.237147   -0.97999346]]",3.0698800086975098,0,animals,effnet_politics
19,Non_offensive-2pt7Wkd.png,"[[-1.2574689   0.9271776  -0.7024645   4.6840096   0.01954081 -0.26876846
  -0.31250444 -0.01223969 -1.5226223  -0.7608974  -0.9398623  -0.07340819]]",4.684009552001953,3,bernie_sanders,effnet_politics
20,Non_offensive-2Qo03El.png,"[[ 8.1227618e-01  8.7601912e-01  3.7475708e-01 -4.7742173e-01
   1.4834711e-01 -7.5457311e-01  5.7938302e-01  2.2400469e-02
  -5.9975311e-04  4.1896653e-01 -7.8723192e-01 -1.3205519e+00]]",0.8760191202163696,1,animated,effnet_politics
21,Non_offensive-2siNIoX.png,"[[-1.395725    2.8711405  -0.10223056 -0.46910393  0.14149852  0.4696192
  -0.05792801 -0.16358109 -0.6058837  -0.11159216 -0.22562571 -0.7221823 ]]",2.871140480041504,1,animated,effnet_politics
22,Non_offensive-2T7fEop.png,"[[-0.06756374  0.7983715  -0.2886035  -0.55518353  0.04037247  0.10219025
   0.9367065   0.07693623 -0.11959985  0.3541909  -0.26315433 -1.3771062 ]]",0.9367064833641052,6,george_w_bush,effnet_politics
23,Non_offensive-2TAk7vi.png,"[[-0.8765197   2.27307     0.0387154  -0.3493438  -0.24453522 -0.48690614
   0.4886485  -0.19052958 -0.23201698 -0.04998873 -0.52505463 -0.4920147 ]]",2.2730700969696045,1,animated,effnet_politics
24,Non_offensive-2tuVUzz.png,"[[-0.37779847  4.5363717  -1.1078417  -0.73605394 -0.62452716 -0.43863085
   0.14963801 -0.16839674 -0.57592773 -0.43102807 -0.43863928 -0.636202  ]]",4.53637170791626,1,animated,effnet_politics
25,Non_offensive-2UT3Ips.png,"[[ 3.9566367  -0.45322853 -0.29913515 -0.71288025 -0.12820913 -0.3051404
  -0.05898467 -0.13772234  0.4071914  -0.42055827 -0.8246454  -0.55802023]]",3.956636667251587,0,animals,effnet_politics
26,Non_offensive-34nLFqO.png,"[[ 1.7007381   2.4853435  -0.28345987 -0.73781395 -1.4514685  -1.5305703
   1.25718     2.2384105  -1.0715024   0.50367904 -1.9294764  -1.3548224 ]]",2.4853434562683105,1,animated,effnet_politics
27,Non_offensive-3bqSgzm.png,"[[-0.9347749   0.8265217  -0.27320614  4.963357    0.03613415 -0.54853415
  -0.6961082   0.15189703 -1.4809538  -0.7301724  -1.4225012  -0.12205179]]",4.963356971740723,3,bernie_sanders,effnet_politics
28,Non_offensive-3CbPlsi.png,"[[-0.06411967  1.7909682  -0.6035597  -0.34367967 -0.2323824  -0.5208365
   0.139691    1.3447365  -0.87696207  0.00258924 -0.76606333 -0.490255  ]]",1.7909681797027588,1,animated,effnet_politics
29,Non_offensive-3cvbmM0.png,"[[ 1.1249754   1.6617045  -0.49952525 -0.757149   -0.43809703 -0.23098275
   0.52986777 -0.28943107  0.15952241  0.06023379 -0.6383654  -0.69246244]]",1.6617045402526855,1,animated,effnet_politics
30,Non_offensive-3fsUJvp.png,"[[-0.6175631   1.6572777   3.2401345  -0.14681293 -1.5696719  -0.7746446
   1.0305283  -0.22488418 -0.7741419  -1.1624203  -1.5865728   0.00568966]]",3.2401344776153564,2,barack_obama,effnet_politics
31,Non_offensive-3Zz0vux.png,"[[-0.5708897  -0.33243912 -0.41102108 -0.9390213  -0.21762188  1.2416728
   2.5863426   0.55672264  0.4885303  -0.01625481 -1.5240954  -0.6221646 ]]",2.5863425731658936,6,george_w_bush,effnet_politics
32,Non_offensive-43LJZG9.png,"[[-0.17412326  4.688846   -0.83104473 -0.71662134  0.00509936 -1.1445045
  -0.14506926  0.3343479  -0.85508204 -0.39719573 -0.54635024 -0.94224954]]",4.688846111297607,1,animated,effnet_politics
33,Non_offensive-474EyYj.png,"[[-1.3550155   2.6802802  -0.92238027 -1.3918135   3.3360362   0.9222882
  -0.2400647   0.53210914 -0.07169314 -0.74987566 -1.7541696  -1.7720621 ]]",3.336036205291748,4,bill_clinton,effnet_politics
34,Non_offensive-4j07SmD.png,"[[-0.5055467   1.5537024   0.47906554 -0.47834736 -0.06804852 -0.37241176
   0.7027087  -0.09296895 -0.13026768  0.06747942 -0.62430704 -0.8182578 ]]",1.5537023544311523,1,animated,effnet_politics
35,Non_offensive-4jYyIBw.png,"[[ 0.03611258  1.9999257  -0.5074899  -0.4697392  -0.5320909  -0.38161314
   0.71565574 -0.4927075  -0.19261077  0.56163967 -0.17448531 -0.8636365 ]]",1.9999257326126099,1,animated,effnet_politics
36,Non_offensive-4KXGjz0.png,"[[-0.7581321   3.3920174  -0.75453573 -0.44627094 -0.6827999  -1.3609467
   0.5644196   0.6794461  -0.91708493  0.6937545  -1.068202   -0.09563081]]",3.392017364501953,1,animated,effnet_politics
37,Non_offensive-4LoGRB5.png,"[[-0.80443704 -0.11351775 -0.61496496  5.418713   -0.18871227 -0.3220757
  -0.22643982  0.42751986 -1.7816459  -0.76849794 -1.3340254  -0.0543725 ]]",5.418713092803955,3,bernie_sanders,effnet_politics
38,Non_offensive-4q1tono.png,"[[ 0.8641362   0.86784685 -0.31512207 -0.728137   -0.24456209 -0.31853476
   0.67058986  0.38140744  0.02584457  0.18488611 -0.6637704  -0.61276317]]",0.8678468465805054,1,animated,effnet_politics
39,Non_offensive-53U5Bca.png,"[[ 0.08906543 -0.25198978 -1.154229   -0.45895082 -0.38276467 -0.27755958
   0.9068483   5.7126603  -1.0585636  -0.9561648  -0.82188684 -1.8233329 ]]",5.712660312652588,7,hillary_clinton,effnet_politics
40,Non_offensive-55A2AUa.png,"[[-2.040577    4.60216    -0.9653445  -0.53966266  0.01525047 -0.06449698
  -0.56785315 -0.47874916  0.2598495  -0.5865219  -0.04493281 -0.42928785]]",4.6021599769592285,1,animated,effnet_politics
41,Non_offensive-5hN4XOF.png,"[[ 1.3557408   1.1534739  -0.2787036  -0.05525003 -0.9642775  -0.17372954
   0.8391097  -0.5080632   0.09448709  0.36167294  0.2613783  -1.3860632 ]]",1.3557407855987549,0,animals,effnet_politics
42,Non_offensive-5kSMRv3.png,"[[ 0.13851246  0.6670408  -0.29424214 -0.9266811   0.26212552  0.30232573
   0.58432007  0.62798506  0.14751035 -0.2201212  -0.73836297 -1.0334764 ]]",0.6670408248901367,1,animated,effnet_politics
43,Non_offensive-5NWPOQp.png,"[[ 0.08134782  3.1262887  -0.4623142  -0.44043046 -0.7385615  -1.0598285
   1.2460945  -0.47667462 -0.60169995 -0.24332282 -0.83252364  0.06890744]]",3.126288652420044,1,animated,effnet_politics
44,Non_offensive-5oT4c6d.png,"[[-0.5290332   4.0395517   0.06069043 -1.0898573  -1.6946555  -0.5006391
   0.09224534  0.44737774  0.8897909  -0.71078205 -1.2884407  -0.01955464]]",4.039551734924316,1,animated,effnet_politics
45,Non_offensive-5vVB395.png,"[[-0.9846393   1.8856814   0.5133258  -1.2666557   1.6022209   0.936304
  -0.8927166   0.07886036 -0.5682007  -0.3721404  -1.1112008   0.0377323 ]]",1.885681390762329,1,animated,effnet_politics
46,Non_offensive-5WXHaW4.png,"[[ 1.0023506   0.3898897  -0.38477233 -0.5738294   0.4318543   0.03022297
   0.3484988   0.198427   -0.10004179  0.21339957 -0.8820789  -0.9421195 ]]",1.0023505687713623,0,animals,effnet_politics
47,Non_offensive-5YMQ6wi.png,"[[ 0.9623343   1.0568119  -0.0887475   2.0403175  -1.1833903   0.20998314
  -1.0686728   1.1470392  -0.8969177  -0.1879609  -0.9235323  -0.95025265]]",2.0403175354003906,3,bernie_sanders,effnet_politics
48,Non_offensive-6jA3QAb.png,"[[-0.42186746  2.0415232  -0.5844894  -0.21057206 -1.2192855   0.70004714
   1.0132807   0.26694053  0.10350825 -0.4613651  -0.5047288  -0.7564168 ]]",2.0415232181549072,1,animated,effnet_politics
49,Non_offensive-6NFcW7v.png,"[[ 0.65879166  2.1248472  -0.8302865   2.5301795  -0.87455875  0.09915362
  -1.1085434   0.19940831 -0.6993991  -0.32041857 -1.2331415  -0.5923236 ]]",2.530179500579834,3,bernie_sanders,effnet_politics
50,Non_offensive-6uTXEgh.png,"[[ 0.37826526  1.884815    0.12247759 -0.45629263 -1.8163769   0.8340806
   0.7893328  -0.44415075 -0.56552947 -0.4237238  -0.23120646 -0.05678255]]",1.884814977645874,1,animated,effnet_politics
51,Non_offensive-7CIR9VI.png,"[[ 0.17406166  0.2577531   0.606899    1.085691   -0.41980496  0.8135768
   1.0598919   0.31832403 -0.04394702 -0.17412214 -1.4120977  -1.8682206 ]]",1.085690975189209,3,bernie_sanders,effnet_politics
52,Non_offensive-7COAAL3.png,"[[-0.64232695  0.16420522 -1.0677698  -0.8863555  -1.0832194  -1.2733614
  -1.4923427   1.8293568  -0.21185844  3.0986483  -1.2003762   2.7333772 ]]",3.0986483097076416,9,kamala_harris,effnet_politics
53,Non_offensive-7juAkcv.png,"[[ 0.08798224  0.8225173  -0.06599436 -0.28823006 -0.41333318 -0.29866108
   0.7011555  -0.28474683 -0.11995494  0.39640045 -0.42814112  0.09702754]]",0.8225172758102417,1,animated,effnet_politics
54,Non_offensive-7P6yB0D.png,"[[ 1.1621044   1.2831202  -0.563946   -0.8808499   0.4149963  -0.50626945
   0.3691283   0.16763698 -0.1505739   0.11466284 -0.78863347 -1.2196064 ]]",1.2831201553344727,1,animated,effnet_politics
55,Non_offensive-7rNwjnv.png,"[[-0.9200392  -0.44885147 -0.6496056  -1.0824783  -0.95797753 -0.5426245
  -1.1881055   5.0129247  -0.5524467   0.77251565 -0.70019674  0.9733031 ]]",5.012924671173096,7,hillary_clinton,effnet_politics
56,Non_offensive-873SgEx.png,"[[-0.6839694   0.19619268 -1.3793024   4.177362   -0.49976367  0.2908788
  -0.23425181 -0.22186552 -0.31945595 -0.31483957 -0.7195372  -0.45229197]]",4.177361965179443,3,bernie_sanders,effnet_politics
57,Non_offensive-88B7ag2.png,"[[-0.45435384  1.6661468  -0.6770233  -0.41123322 -0.52998835 -0.21976349
   0.05629817  0.9597678   0.46047863 -0.38678324 -0.27440113 -0.26054776]]",1.6661467552185059,1,animated,effnet_politics
58,Non_offensive-8Djb33H.png,"[[-0.9063976   5.148653   -0.96795034 -0.9509692  -0.5774028  -0.2793336
  -0.11981001 -0.992168   -0.2491298  -0.1576407  -0.27282867 -0.45345336]]",5.148653030395508,1,animated,effnet_politics
59,Non_offensive-8mhcYsP.png,"[[-2.3779879  -0.30743456  2.225573   -1.4964967  -0.2198755   4.240442
  -0.27274835 -0.43951243 -2.1508167  -0.47078246  0.3772946   1.1720665 ]]",4.240441799163818,5,donald_trump,effnet_politics
60,Non_offensive-8mROrGY.png,"[[ 0.42701387  0.84285796 -0.45618877 -0.2992859   0.24401896  0.02852982
   0.39556864 -0.16005357 -0.2941309   0.26576674 -0.4080857  -0.7367468 ]]",0.8428579568862915,1,animated,effnet_politics
61,Non_offensive-8NMWu57.png,"[[ 0.32714164  2.306495   -0.3386013  -0.27143437 -0.82875985 -0.40193638
   1.4540348   0.01768872 -0.8287697  -0.08204304 -1.0027062  -0.59322524]]",2.306494951248169,1,animated,effnet_politics
62,Non_offensive-8oKcC3I.png,"[[-0.76569057 -0.5673367  -0.03057123  4.34061     0.29350856  0.2196402
   0.45576757 -1.0220788  -1.1680877  -0.4823405  -0.9750247  -0.42884934]]",4.340610027313232,3,bernie_sanders,effnet_politics
63,Non_offensive-8oOhdGX.png,"[[-0.5165771  -0.12736832 -0.50853187 -0.66942596  0.43749085 -1.2242273
   1.1791837  -0.62432635 -0.62929726 -0.5391923   4.5316854  -0.946826  ]]",4.5316853523254395,10,mike_pence,effnet_politics
64,Non_offensive-8UJlZ3J.png,"[[-0.25339416  3.0840988  -0.753892   -0.05847897 -0.526313   -0.02030057
  -0.59888303  0.34299648 -0.4586911  -0.2543509  -0.5680467  -0.69108355]]",3.0840988159179688,1,animated,effnet_politics
65,Non_offensive-8WsB12c.png,"[[ 0.30137646 -0.5276975  -0.7772482  -1.1445278   0.8283272   2.067675
  -0.82321644  2.7838545  -0.62043273 -0.94504464 -0.4228444  -1.0467523 ]]",2.7838544845581055,7,hillary_clinton,effnet_politics
66,Non_offensive-8ZOPW62.png,"[[-0.7317054   2.793566   -0.32644936  0.4194467  -0.56861347 -0.39422187
   0.55207896 -0.05224757 -0.7384918   0.3463542  -1.043349   -0.49037126]]",2.7935659885406494,1,animated,effnet_politics
67,Non_offensive-94anjQG.png,"[[ 0.10858738  3.3496034   0.0357099  -0.27638245 -0.7256961  -0.5945015
   0.30726126  0.17114235 -0.73576975 -0.32871228 -1.3252608  -0.66192317]]",3.3496034145355225,1,animated,effnet_politics
68,Non_offensive-95L0GB6.png,"[[-1.0386862   3.2253616   1.6173866  -0.67755365 -0.14402653 -1.4011593
  -1.0030327   0.57653445 -1.2113695   0.12773366 -0.75934446  0.22506425]]",3.2253615856170654,1,animated,effnet_politics
69,Non_offensive-95yFB4s.png,"[[ 2.2171986   1.754225   -0.5319127  -0.5527257  -1.0639753   0.53021365
  -0.00579779  0.5605641  -1.5755627  -0.1087092  -0.34938008 -0.7904451 ]]",2.217198610305786,0,animals,effnet_politics
70,Non_offensive-9CYSG3P.png,"[[ 1.1925732   2.89456    -0.28727826 -0.67536193 -1.2469774  -0.6015738
   0.31660992  0.09309782 -0.49206248  0.09822302 -0.7579647  -0.51973057]]",2.8945600986480713,1,animated,effnet_politics
71,Non_offensive-9dArUsU.png,"[[-0.93684936  3.2207813  -0.9515814   1.0760725   0.7308536  -0.01789241
  -0.997271   -0.57817435  0.12494457 -0.33221596 -0.89054805 -0.79539967]]",3.2207813262939453,1,animated,effnet_politics
72,Non_offensive-9kZb6UD.png,"[[ 0.40769666  0.794729   -0.42196408 -0.48806623  0.11869343 -0.24263996
   0.7853653   0.6823652  -0.02358879  0.13027273 -0.8075     -1.0927606 ]]",0.7947289943695068,1,animated,effnet_politics
73,Non_offensive-9mITvJA.png,"[[ 1.8611106   1.591953   -1.0100553  -0.5052197  -0.6170564  -0.60250986
   0.7172652   0.05191685 -0.55153143 -0.12740989 -0.2566349  -0.35513458]]",1.8611105680465698,0,animals,effnet_politics
74,Non_offensive-9n1Tjiz.png,"[[ 0.6322644   1.3578608  -0.339386   -0.7167858  -0.34617758  0.5327872
   0.21197693 -0.13273224 -0.00990091 -0.12903982 -0.744635   -0.45952576]]",1.357860803604126,1,animated,effnet_politics
75,Non_offensive-9xksTiP.jpg.png,"[[-1.0903178  -0.18334512 -0.38368627  5.5357647  -0.08470229 -0.29233947
  -0.12667093  0.541497   -1.9396614  -0.7040834  -1.16329    -0.32592082]]",5.535764694213867,3,bernie_sanders,effnet_politics
76,Non_offensive-A0wcV4g.png,"[[ 0.48288026  1.9056432  -0.6240946  -0.8894599  -0.35457796  0.65566146
   0.18383712  0.05172305  0.11299902 -0.06160642 -1.0651897  -0.9312427 ]]",1.9056432247161865,1,animated,effnet_politics
77,Non_offensive-a1F6RKt.png,"[[-0.9435488   0.8770777  -0.4034262  -0.13415717 -0.41340566  5.8660145
  -1.0949275  -0.27695876 -0.5773405   0.21556397 -1.2815715  -1.5707842 ]]",5.86601448059082,5,donald_trump,effnet_politics
78,Non_offensive-A5t5Zkf.png,"[[-2.0203676  -1.4004679   1.6106327  -0.80090773 -0.36225313  2.6917603
   1.6791989   0.394849    0.970021   -1.2293377   0.6829903  -2.648204  ]]",2.691760301589966,5,donald_trump,effnet_politics
79,Non_offensive-AGGHufY.png,"[[ 1.2600722   1.1110693  -0.6672483  -0.93891084  0.06787173  0.48001742
   0.09270754  0.56225854 -0.35197031 -0.11733596 -0.84850883 -1.1252602 ]]",1.2600722312927246,0,animals,effnet_politics
80,Non_offensive-aKBYqSs.png,"[[ 0.28246778  3.1238365  -1.2853584  -0.48819306 -0.13599348 -1.0131632
  -0.5992301   0.89912784  0.3427291   0.33383232 -0.5671169  -1.4407587 ]]",3.1238365173339844,1,animated,effnet_politics
81,Non_offensive-akXZYL5.png,"[[ 0.3980282   0.56456673 -0.03272174 -0.48604116  0.23030365 -0.2438778
   0.4258478   0.04148404 -0.08250789  0.49668556 -0.3174886  -0.89440453]]",0.5645667314529419,1,animated,effnet_politics
82,Non_offensive-aL1hjkE.png,"[[ 1.087363    1.2059073  -0.00720938 -0.6416176  -0.0711715  -0.36399314
   0.32349074  0.47344482 -0.5500332   0.01798956 -0.7960498  -0.5036436 ]]",1.2059073448181152,1,animated,effnet_politics
83,Non_offensive-AMzup5d.png,"[[-2.1565578   0.45771062 -0.7977206   2.880645    0.23524424  1.3449107
  -0.19746056 -0.7398776   1.8947712  -0.7253667  -1.6749835  -0.72978055]]",2.8806450366973877,3,bernie_sanders,effnet_politics
84,Non_offensive-AQFwrJx.png,"[[ 0.44841817  5.416667   -0.94508153 -0.7565872  -0.33194026 -0.2120417
  -0.51940674 -0.811932   -0.5468955  -1.0459476  -1.4581624  -0.3157843 ]]",5.4166669845581055,1,animated,effnet_politics
85,Non_offensive-Ar6lu6P.png,"[[-2.9362571   0.6382397   0.4367965  -1.1956143   2.171966    1.1543665
   0.5139992   0.39302206 -1.1264234  -1.294755   -0.4762336   0.57273877]]",2.171966075897217,4,bill_clinton,effnet_politics
86,Non_offensive-ArmX82G.png,"[[ 0.20220035  0.6558394  -1.4577678  -1.2026782   0.25313246  2.911933
   0.5699654   1.0996677  -0.20692618 -0.33730292 -1.9335028  -1.2215916 ]]",2.911932945251465,5,donald_trump,effnet_politics
87,Non_offensive-aTX7lyO.png,"[[ 0.40215635  1.5223144  -0.6111575  -0.6133255  -0.2226634  -0.21065822
   0.642185   -0.00992037 -0.10454068  0.22327317 -0.43769026 -0.9874029 ]]",1.522314429283142,1,animated,effnet_politics
88,Non_offensive-AY91zJl.png,"[[-1.8228308  -1.1277852   0.2327353  -0.5785215   0.31285283  4.589684
  -0.4086342   0.270154    0.57664704 -0.41038144 -0.5478982  -1.4302495 ]]",4.589684009552002,5,donald_trump,effnet_politics
89,Non_offensive-B0rKblC.png,"[[ 1.2046926   3.5727725  -0.7551296  -1.1643713  -0.98441106 -0.9461899
   1.5785055   0.15951921 -0.6566843  -0.67552125 -0.85498554 -0.95941436]]",3.57277250289917,1,animated,effnet_politics
90,Non_offensive-b3IhU9Z.png,"[[ 0.5566493   0.6895886  -0.00875792 -0.26696956  0.20593196 -0.40524998
   0.34866357  0.38037628 -0.15023686  0.20700638 -0.523891   -1.145016  ]]",0.6895886063575745,1,animated,effnet_politics
91,Non_offensive-BCah7Wz.png,"[[ 0.95661753  1.7278816  -0.13457252 -0.71174973 -0.60472125 -0.13644335
   0.2985452  -0.22099951 -0.49604484 -0.09546226 -0.5135218   0.13202003]]",1.7278815507888794,1,animated,effnet_politics
92,Non_offensive-bCuLRM2.png,"[[-0.79732597  1.0238703  -0.83190763  0.3296464   5.3022075  -2.642453
   0.53131276 -0.28466344 -1.7338693  -0.2709936  -1.3488436   0.18989772]]",5.3022074699401855,4,bill_clinton,effnet_politics
93,Non_offensive-bcX0n1K.png,"[[-2.326852    1.230043    1.671892   -0.9201908   1.6250478  -0.8163161
   1.0062591   0.9300628  -0.6556448  -1.0605053  -0.67904925 -0.6309012 ]]",1.6718920469284058,2,barack_obama,effnet_politics
94,Non_offensive-bGZd5db.png,"[[-0.09733346  1.1129979  -0.01437226 -0.20065345  0.5114289   2.0472436
  -0.31051266 -0.42450792 -0.11984605 -1.6857156  -1.0573577  -0.11074512]]",2.047243595123291,5,donald_trump,effnet_politics
95,Non_offensive-bHyYl3j.png,"[[-0.6290592   0.29524094 -0.8431701  -0.75068426 -0.41358837  2.7512138
  -0.46306193  2.5193074  -0.34100327 -0.7819557  -1.339728   -1.1172626 ]]",2.751213788986206,5,donald_trump,effnet_politics
96,Non_offensive-BmKzn6gIYAIwC-U.jpg,"[[-1.5934964  -0.70115316 -0.37053904  0.04098879 -0.7760976  -1.3707451
  -0.7963786   0.83396137  5.598691   -0.05312075 -1.1086185   0.05868672]]",5.598690986633301,8,joe_biden,effnet_politics
97,Non_offensive-BNPocHU.png,"[[-0.63384855  0.29464465  2.256799   -0.6275778   0.02004348 -1.8555241
   3.825025   -0.64083046 -1.6000783   0.04620424 -1.2530509  -0.33082145]]",3.8250250816345215,6,george_w_bush,effnet_politics
98,Non_offensive-bpc3wap.png,"[[-1.5906683  -0.2601335   0.2786256  -0.33913574  0.29200044  1.8460155
   0.9910179  -1.5876544   0.6685529  -0.55352765  0.6957245  -0.4424725 ]]",1.846015453338623,5,donald_trump,effnet_politics
99,Non_offensive-BuTZiB-IAAIO3am.png,"[[ 1.4472531   1.4969159   0.8605717  -0.33461344 -0.8333155  -1.3162175
   0.57095355 -0.2323641  -0.14095728 -1.1600914   0.4128294  -0.67594576]]",1.4969159364700317,1,animated,effnet_politics
100,Non_offensive-BVzBIgy.png,"[[ 0.63605046  1.8914585  -0.67528194 -0.680444   -0.28232977 -0.62357545
   0.8606006  -0.54445    -0.05001731  0.5059902  -0.59276944 -0.92910004]]",1.891458511352539,1,animated,effnet_politics
101,Non_offensive-BVzw01E.png,"[[ 0.02901706  2.203497   -0.8334489  -0.6228954  -0.6744096   0.8337784
  -0.27064037 -0.10039428 -0.06195896 -0.35049593 -0.3432155  -0.17508484]]",2.2034969329833984,1,animated,effnet_politics
102,Non_offensive-BWopGu8.png,"[[-1.443785    4.61756    -0.7706682   0.3548568  -0.2873115  -0.4972274
  -0.17813851 -0.13953713  0.6429784  -0.8490269  -0.45287538 -1.2146446 ]]",4.617559909820557,1,animated,effnet_politics
103,Non_offensive-cAm7azy.png,"[[-0.16308299  4.564095   -1.3211366  -0.6469902  -0.9112138   0.6417649
  -0.2559026  -0.25625533  0.19665167 -0.33303344 -0.52546257 -1.805249  ]]",4.5640950202941895,1,animated,effnet_politics
104,Non_offensive-CaqKlOXWIAAvy8L.jpg,"[[-0.9884268  -0.17155124 -0.5589273   5.8397427  -0.09025276 -0.36099365
  -0.2504743   0.3547665  -1.9860672  -0.6309682  -1.077545   -0.31424773]]",5.839742660522461,3,bernie_sanders,effnet_politics
105,Non_offensive-CaQrRikUYAA3VrV.jpg,"[[-0.7894741  -0.18269973 -0.58728206  5.4482274  -0.01818696 -0.26363254
  -0.21062934  0.22274987 -1.6880282  -0.6449326  -1.4296114  -0.29264235]]",5.448227405548096,3,bernie_sanders,effnet_politics
106,Non_offensive-CbYe-4SW8AAmvbJ.jpg,"[[-0.8315872  -0.790259   -0.30088985  5.4283624   0.05383359  0.05255438
   0.18520245 -0.18475159 -1.7279034  -0.8007591  -1.3077998  -0.07728133]]",5.4283623695373535,3,bernie_sanders,effnet_politics
107,Non_offensive-Cc8PZCkXIAAmG0f.jpg,"[[-0.8570818  -0.02839927 -0.02019439 -0.09509206  0.01944533 -0.24504644
  -1.4814167   1.2217352  -0.9043673   2.9203205  -1.1574491   0.7020043 ]]",2.920320510864258,9,kamala_harris,effnet_politics
108,Non_offensive-CcFmlzLW8AAxHkM.jpg,"[[-0.75530684 -0.23013307 -0.44052476  5.4155602  -0.11105988 -0.38471422
  -0.12463519  0.5344839  -1.9907838  -0.71256936 -1.3110447  -0.3586485 ]]",5.415560245513916,3,bernie_sanders,effnet_politics
109,Non_offensive-CcmXJPoUcAAkauM.jpg,"[[-1.6546065   0.07569981  0.28125137 -1.5797312  -0.85570675  4.992884
  -0.70798653  0.53397214 -2.2811368  -0.38821185  1.0466318   0.7667748 ]]",4.992884159088135,5,donald_trump,effnet_politics
110,Non_offensive-CcsU2lQUEAEoeuW.jpg,"[[-0.85507226 -0.32428014 -0.5204325   5.5468025  -0.05275517 -0.3254794
  -0.31860632  0.5623415  -2.1225905  -0.6619386  -0.9966064  -0.31807235]]",5.546802520751953,3,bernie_sanders,effnet_politics
111,Non_offensive-CdPJdPnVIAQqX9G.jpg,"[[-1.0184784   0.39266258 -0.04484532 -0.25879633 -1.1235181   6.4489517
  -1.589257   -0.4977454  -1.4807953   0.13424669 -0.11617445  0.21500045]]",6.448951721191406,5,donald_trump,effnet_politics
112,Non_offensive-CdsdCaHXIAEw1An.jpg,"[[-0.23629549  1.4176869  -0.41882205 -0.27750707 -0.3151339  -0.05471513
   1.1030444  -0.08719014 -0.304214    0.52675414 -0.4839735  -1.086334  ]]",1.417686939239502,1,animated,effnet_politics
113,Non_offensive-CdXi98yXEAA33CR.jpg,"[[ 1.6940346   1.2146301  -0.46154928 -0.68106395 -0.22417699 -0.41749105
   0.6664433  -0.04345444 -0.23135969  0.38722807 -0.8952526  -1.1285217 ]]",1.6940345764160156,0,animals,effnet_politics
114,Non_offensive-Ce0OU-iUIAALkmn.jpg,"[[ 1.4028465   1.7336252  -0.10305824 -0.51596034 -0.683588   -0.52986765
   0.49270216  0.1069995  -0.5799711   0.3998742  -0.89863676 -0.8264934 ]]",1.7336251735687256,1,animated,effnet_politics
115,Non_offensive-CecBrceWQAQR19j.jpg,"[[-0.8089886  -0.61535513 -0.21427278  5.2561235  -0.33944598  0.40197143
   0.07831744 -0.4637295  -1.7326823  -0.6813944  -0.9588067  -0.21889624]]",5.2561235427856445,3,bernie_sanders,effnet_politics
116,Non_offensive-Cf87U8rW4AAtlvE.jpg,"[[-0.8276502   1.559946   -0.799635    3.9472415  -0.39767218 -0.3170335
  -0.49274194  0.06238829 -1.6233773  -0.26013306 -0.84515107 -0.12245615]]",3.9472415447235107,3,bernie_sanders,effnet_politics
117,Non_offensive-CFa0OLu.png,"[[-0.17373124  3.3723812  -0.6825941   2.4777305  -0.55025744 -1.4677421
  -0.440092    0.00654674 -0.306157   -0.38336533 -1.3421669  -0.91230524]]",3.3723812103271484,1,animated,effnet_politics
118,Non_offensive-CfU-_jqW4AAmTBw.jpg,"[[-0.46880862 -0.7384319   0.7784757  -0.7287289  -0.21442269 -1.1796738
   5.3934155  -0.2200102  -0.85316837 -0.9420229  -0.89572185 -0.2723573 ]]",5.393415451049805,6,george_w_bush,effnet_politics
119,Non_offensive-CfUTJmj.png,"[[-0.67556906  0.310267   -0.84509104  4.886171    0.14402777 -0.13408606
   0.15318413 -0.30333048 -1.6149291  -0.80406785 -0.8856858  -0.59964764]]",4.886170864105225,3,bernie_sanders,effnet_politics
120,Non_offensive-CguD5hk.png,"[[ 0.42165044  3.2232916  -0.14923634 -0.61388934 -0.78244555 -0.9432411
   0.7596961  -0.13216148 -0.04640651  0.11909811 -0.61418706 -1.1126953 ]]",3.2232916355133057,1,animated,effnet_politics
121,Non_offensive-Ci45dogWEAA2bSb.jpg,"[[-0.03513369  1.5675001  -0.52754873 -0.34579805 -0.2780498  -0.07504755
   0.766271    0.23380338 -0.42402717  0.41305    -0.80386704 -0.75805867]]",1.567500114440918,1,animated,effnet_politics
122,Non_offensive-CibcteKWsAEgqh0.jpg,"[[ 0.35566467  3.163338    0.04217086  0.45363283 -0.99281025 -0.779472
  -0.07283828  0.45852244 -0.73070717 -0.01818673 -1.5674973  -0.662398  ]]",3.1633379459381104,1,animated,effnet_politics
123,Non_offensive-CIFrUHV.png,"[[-0.83135664  1.0568373   0.92899615  0.8264944  -0.97790647  1.131267
   0.30660886  0.24682234 -1.132402   -0.3827392   0.15174823 -1.3925974 ]]",1.1312669515609741,5,donald_trump,effnet_politics
124,Non_offensive-CjRhYGU.png,"[[-8.3156073e-01  4.9095416e+00 -9.4897419e-01 -7.2914904e-01
  -2.7979988e-01  3.7007123e-02  9.3063898e-04 -1.9065352e-01
  -6.2648737e-01 -2.4670921e-01 -6.1564875e-01 -1.0516025e+00]]",4.909541606903076,1,animated,effnet_politics
125,Non_offensive-CjZPiloXAAA1v_W.jpg,"[[-1.3081201   0.557965   -0.98208195  4.0440235   1.438151   -0.18537423
  -0.892956    0.15560625  1.509181   -1.093921   -2.2399688  -1.1403245 ]]",4.044023513793945,3,bernie_sanders,effnet_politics
126,Non_offensive-cljHNxO.png,"[[-0.9227166  -0.08665    -0.6492919   5.836162   -0.09171564 -0.3384262
  -0.25967696  0.28994197 -1.964309   -0.6496627  -1.1494185  -0.20247753]]",5.836162090301514,3,bernie_sanders,effnet_politics
127,Non_offensive-CMQqhImUkAAKeno.jpg,"[[-0.26057592  0.31154907 -0.26869828  0.06165995 -0.7313778   5.82624
  -1.7214319  -0.8258484  -0.5793754   0.02989519 -0.83875126 -0.37794095]]",5.826240062713623,5,donald_trump,effnet_politics
128,Non_offensive-cnkpnzp.png,"[[ 0.962121    1.1284229  -0.08611713 -0.15648465 -0.12385241 -1.2683235
   1.0141995   0.36477357 -0.39066243  0.77010995 -1.1445249  -1.0493622 ]]",1.1284228563308716,1,animated,effnet_politics
129,Non_offensive-cnUn6I4.png,"[[-0.5426023   1.263833   -0.23986077 -0.41884527  0.06191787  0.05706855
   0.5871688  -0.37844706 -0.20036581  0.03844343  0.08766848 -0.6680529 ]]",1.2638330459594727,1,animated,effnet_politics
130,Non_offensive-COkaPpN.png,"[[-1.5283113   4.68541    -1.1839895  -0.78803355  0.02650594 -0.3101575
   0.36662138  0.02035199 -0.33338356 -0.42773446 -0.21135026 -1.1127522 ]]",4.685410022735596,1,animated,effnet_politics
131,Non_offensive-CpGttnLXYAATNHh.jpg,"[[-0.91176105 -0.4127671  -0.43191898  0.03836364 -0.08383156  5.430685
  -1.0172065  -0.05621076 -0.7251307   0.04587507 -0.25739017 -1.3363538 ]]",5.430685043334961,5,donald_trump,effnet_politics
132,Non_offensive-CPVA4poWoAAhOs6.jpg,"[[-0.56224775  0.062838   -0.34450588 -0.8099537  -1.1275718  -0.12329862
  -0.4617472   0.24923714 -1.0032921   5.2117715  -0.70612496 -0.15236494]]",5.211771488189697,9,kamala_harris,effnet_politics
133,Non_offensive-Crp2aRz.png,"[[ 1.4822791   2.8661447  -0.43391344  0.01900817 -0.8044     -0.8285903
   0.28569105 -0.3416112  -0.6333834  -0.22811276 -1.1581447  -0.51101017]]",2.8661446571350098,1,animated,effnet_politics
134,Non_offensive-CUsbUT2.png,"[[-0.02554953  2.2079868  -0.43156916 -0.2152542   0.10164136 -0.87583184
   0.69495535  0.35195184 -0.4854901  -0.01635909 -0.5859329  -1.1331098 ]]",2.207986831665039,1,animated,effnet_politics
135,Non_offensive-CuXk-UQWYAAs43F.jpg,"[[ 0.7036654   1.1484967  -0.4089724  -0.51367056  0.15861581 -0.01540383
   0.2665345  -0.00281666  0.01653872  0.17284869 -0.6022476  -1.1068134 ]]",1.1484967470169067,1,animated,effnet_politics
136,Non_offensive-CVf4HDmWcAE_Q4m.png,"[[ 1.8702865   0.80064386 -0.92360884  1.3083789  -0.94092876 -0.7342826
   0.5361481   0.03737777 -0.18915771  0.5653531  -1.4867842  -0.7754221 ]]",1.870286464691162,0,animals,effnet_politics
137,Non_offensive-CvOg2va.png,"[[-0.5973145   2.5363564  -0.87913    -0.45453742  0.16520728  0.02726198
   1.2793229  -0.5899357   0.98240304 -0.21545479 -0.9106289  -1.8460965 ]]",2.5363564491271973,1,animated,effnet_politics
138,Non_offensive-CW7tNBQU0AIADyq.jpg,"[[ 0.8057032   2.0983224  -1.0443645  -1.126612   -0.380114    0.2878252
   1.7746983  -0.01912993 -0.70292795 -0.05036569 -0.7335399  -1.0548308 ]]",2.0983223915100098,1,animated,effnet_politics
139,Non_offensive-CwHWOROW8AA09nd.jpg,"[[-0.05467793  4.028147   -0.88556105 -0.88124746 -1.297222   -0.07669868
   0.20224245 -1.4774023   0.46253017 -0.10556279  0.21768706 -0.23822565]]",4.028147220611572,1,animated,effnet_politics
140,Non_offensive-CWxcn8cWcAEOWqO.jpg,"[[-1.0405781  -0.6188807  -1.0569557  -1.3536572  -0.38242242 -0.24126887
   0.0282396   3.998251   -1.2061782  -0.9355694  -0.5553019   3.3838887 ]]",3.998250961303711,7,hillary_clinton,effnet_politics
141,Non_offensive-CZrwNVe.png,"[[-1.4572204  -1.1097227  -1.1156803   0.16217887  0.6883054   3.8937378
  -0.13549787  0.74287796  1.1889403  -1.4257741  -0.3238783  -1.6489516 ]]",3.89373779296875,5,donald_trump,effnet_politics
142,Non_offensive-D1uY1Ye.png,"[[ 3.7810683   1.8817717  -0.68669087 -1.5417986  -1.5473657  -0.24429587
   0.9178625   0.30382174  0.06565677 -0.759755   -1.2968382  -0.7377747 ]]",3.7810683250427246,0,animals,effnet_politics
143,Non_offensive-D40IF3q.png,"[[-1.2880596   1.7753237  -1.3883824  -0.8755069   5.0968256  -1.1738133
  -0.39707974 -0.18260822  0.72085595 -0.60612947 -0.9625365  -1.0862527 ]]",5.09682559967041,4,bill_clinton,effnet_politics
144,Non_offensive-D4k0puo.png,"[[ 0.40045413  1.2744114  -0.31815308 -0.4385509  -0.6470194   0.00387514
  -0.5384991   0.4465955   0.22041593  0.11715509  0.02486123 -0.618171  ]]",1.2744114398956299,1,animated,effnet_politics
145,Non_offensive-d5ZqKJ5.png,"[[-1.2741809   1.2461259  -0.23700517 -1.2808037   1.8486718   0.11990108
  -0.54257005  1.9100212  -1.3543429   0.60524076 -1.6054572   0.48918208]]",1.910021185874939,7,hillary_clinton,effnet_politics
146,Non_offensive-D65y7fq.png,"[[ 2.1304286   1.8990728  -0.8104703  -0.9500581  -0.15834521 -0.82691956
   0.07717477 -0.9639324   0.38593417  0.83357894 -0.8025414  -0.69596994]]",2.1304285526275635,0,animals,effnet_politics
147,Non_offensive-D9Hn7ll.png,"[[ 1.0206478   3.6245017  -0.639764   -0.40162122 -0.6457206   0.14946456
   0.8741579  -1.0576234  -0.57191133 -0.56919867 -1.2519513  -0.67663515]]",3.6245017051696777,1,animated,effnet_politics
148,Non_offensive-D9Zr2dU.png,"[[-0.9858316   4.6160603  -0.26862133 -1.1432152  -0.6143338  -1.6238619
   0.86167926  1.2066531  -0.46476072 -0.23681325 -0.8248375  -1.295006  ]]",4.616060256958008,1,animated,effnet_politics
149,Non_offensive-DAJu7lB.png,"[[-0.8084383   0.3746258  -0.52319497  5.012966   -0.19870687 -0.12855735
  -0.42329216  0.4704604  -1.755271   -0.5733777  -1.4074364  -0.46086124]]",5.012966156005859,3,bernie_sanders,effnet_politics
150,Non_offensive-DBSMGfC.png,"[[-1.2088121   2.3083725  -0.48831898  0.31611958 -0.40851688 -0.57956994
   0.52711076  0.23838414 -0.35892838 -0.23671407 -0.62831753 -0.02541979]]",2.3083724975585938,1,animated,effnet_politics
151,Non_offensive-dCBEORM.png,"[[ 0.07431129  2.941817   -0.11007199 -0.3217811  -1.1936976  -0.3673366
   0.20804161  0.51287097 -1.1567183  -0.16030003 -0.65219516 -0.5530321 ]]",2.941817045211792,1,animated,effnet_politics
152,Non_offensive-DheGAH3.png,"[[-0.00733939 -0.3003137   0.07754451 -0.287228    1.5814651   3.1458354
  -1.6110106   1.4491985  -0.35080838 -0.9237583  -1.5518081  -1.7431289 ]]",3.1458353996276855,5,donald_trump,effnet_politics
153,Non_offensive-DLr1Uo7.png,"[[-1.1621951  -0.6755197  -0.76863414 -1.2153766  -0.44542754  5.502146
  -0.7966362  -0.1674956  -1.2334359  -0.5398852   0.5700115   1.1385221 ]]",5.502145767211914,5,donald_trump,effnet_politics
154,Non_offensive-DmcdsLa.png,"[[-0.9093267   3.149887   -1.2342951   1.5296793  -0.29452688  0.01746347
  -0.2071045  -0.7484718  -0.01926587 -0.65392816 -1.0318211  -0.356063  ]]",3.1498870849609375,1,animated,effnet_politics
155,Non_offensive-dOjn3Mo.png,"[[ 0.0621253   2.0075862  -0.5566903  -0.2317746  -0.73713833 -0.11132008
   0.6349217  -0.91197485 -0.21644974  0.29816806  0.0723709  -0.5287265 ]]",2.0075862407684326,1,animated,effnet_politics
156,Non_offensive-dPkUsp1.png,"[[ 0.22786772  2.019315   -0.99909264 -0.01965249  0.2867482  -0.29177305
  -0.46898764  0.08973928  1.9543339  -0.10628508 -1.6537209  -1.2362492 ]]",2.019315004348755,1,animated,effnet_politics
157,Non_offensive-DZ2uQ50.png,"[[ 0.3025669   2.4239905  -0.41603157 -0.8247335  -0.41471982 -0.91526043
   0.9354404   0.37407798 -0.25602737 -0.03592892 -1.0369604  -0.7596389 ]]",2.423990488052368,1,animated,effnet_politics
158,Non_offensive-dZVtSfm.png,"[[-0.21473083  0.2906726  -0.16799484 -0.62910366  0.2667442  -0.85085976
   0.05844279  4.9592133  -1.2419866  -1.0153761  -1.0260177  -1.3113571 ]]",4.9592132568359375,7,hillary_clinton,effnet_politics
159,Non_offensive-E0JmmKR.png,"[[-0.30589363  1.700731   -0.46272114 -0.08707517 -0.9112684  -0.08229576
  -0.9672779  -0.14188156  2.0901895   0.4433939  -0.1837773  -1.2289274 ]]",2.0901894569396973,8,joe_biden,effnet_politics
160,Non_offensive-EhpW75N.png,"[[ 0.8523006   1.5441926  -0.3768525  -0.36286497 -0.4705777  -0.85878193
   0.7163696  -0.1608619  -0.1066545   0.60023063 -0.7054769  -0.75050306]]",1.5441925525665283,1,animated,effnet_politics
161,Non_offensive-eI2N5iQ.png,"[[ 0.5577516   1.5840582  -0.10295876 -0.14462149 -0.29484487 -0.9651624
   0.48002204 -0.45749733 -0.5457059   0.59593195 -0.7346008  -0.1585624 ]]",1.584058165550232,1,animated,effnet_politics
162,Non_offensive-EIehYa1.png,"[[-1.6419147   3.8617687  -0.79698026 -1.0941842  -0.38951617  0.49478385
  -0.05530644  1.6018693  -0.05044249 -0.9059591  -1.1082735  -1.121915  ]]",3.8617687225341797,1,animated,effnet_politics
163,Non_offensive-eJqdhnY.png,"[[ 0.81541497  0.11678109 -0.30586544 -0.5161877   0.12415708 -0.04622248
   0.07488964  0.8696091   0.17405252 -0.21513855 -0.7087127  -0.42270386]]",0.8696091175079346,7,hillary_clinton,effnet_politics
164,Non_offensive-Er3pBdJ.png,"[[ 0.6350956   0.8828669  -0.20531994 -0.7082067  -0.83458304  0.90137243
   1.3233595  -0.09612818 -0.75860476 -0.10450691 -0.78764564 -0.66162   ]]",1.323359489440918,6,george_w_bush,effnet_politics
165,Non_offensive-ERe2yR0.png,"[[ 0.1443398   0.73062336 -0.24607947 -0.49607992  0.22067021 -0.01036496
   0.62693083  0.3313573  -0.16367249  0.18574862 -0.44430763 -0.8943492 ]]",0.7306233644485474,1,animated,effnet_politics
166,Non_offensive-EsepD5Q.png,"[[ 0.2272052   1.156507   -0.5641777  -0.87786794 -0.05818963  0.30565852
   0.6186911   0.3578053  -0.18278004 -0.15000015 -0.3283478  -0.7968652 ]]",1.1565070152282715,1,animated,effnet_politics
167,Non_offensive-ET5rdX2.png,"[[-1.9683844  -2.1500502  -1.188102    5.3311505   0.7918729   1.2160543
  -0.45857382 -0.47091556  0.7080015  -1.0722804   0.6609124  -1.1201662 ]]",5.331150531768799,3,bernie_sanders,effnet_politics
168,Non_offensive-EuTcoU6.png,"[[-0.6539682   2.032394   -0.35495213 -0.6992963  -0.8255854   0.24476416
   0.8252602   0.04633646  0.37505838 -0.02123791 -0.19497469 -0.8190316 ]]",2.0323939323425293,1,animated,effnet_politics
169,Non_offensive-ewKXYvk.png,"[[-1.1715155  -0.09591444 -0.00951238 -0.44286588  0.38518247  2.5893717
   0.7365922   1.1021752  -1.6573536  -0.21058588 -1.05776    -0.4745993 ]]",2.589371681213379,5,donald_trump,effnet_politics
170,Non_offensive-ezoih5p.png,"[[ 1.3501725   0.242993    0.66177136 -0.9570631   0.66638064 -1.1134626
   0.02849207  0.8504473  -0.56303716 -0.801203   -0.94870335 -0.14571464]]",1.350172519683838,0,animals,effnet_politics
171,Non_offensive-f0kDhU7.png,"[[ 0.4097913   1.2418207   0.00883721 -0.5854507  -0.12156234 -0.13262334
   0.3244636   0.16774441 -0.22818539  0.38367134 -0.79821616 -1.0870515 ]]",1.2418206930160522,1,animated,effnet_politics
172,Non_offensive-fC5euc2.png,"[[-1.7479471   4.878049   -0.9467639  -0.5133529  -0.30288178 -0.5044445
  -0.11342964 -0.62731105  0.3259661  -0.546015   -0.27903062 -0.6748667 ]]",4.878048896789551,1,animated,effnet_politics
173,Non_offensive-fdZpYpb.png,"[[ 0.06666291  0.17070389 -1.90776    -0.93290967  6.272502   -2.3172834
  -0.7847009   0.30232477  0.71695435 -0.64379793 -1.2735611  -0.48177952]]",6.2725019454956055,4,bill_clinton,effnet_politics
174,Non_offensive-fkpqfLB.png,"[[ 3.916127    1.6283317  -0.24547485 -1.0521779  -0.74104714 -0.35272837
   0.38547233  0.2931881  -0.7798828   0.10008903 -1.3064728  -1.7362833 ]]",3.9161269664764404,0,animals,effnet_politics
175,Non_offensive-FrLLfI8.png,"[[ 1.0247848   1.6139802  -0.70049864 -0.91193724 -0.03769787 -0.21944842
   0.6338385  -0.1460118  -0.18584254  0.25354117 -0.49331963 -1.1831077 ]]",1.6139801740646362,1,animated,effnet_politics
176,Non_offensive-FsAbNtn.png,"[[ 0.9476725   1.6762848  -0.86268103 -0.730949   -0.9363804  -0.11107744
   1.2857163   0.7259212  -1.0016438   0.53956676 -0.39637327 -1.3050145 ]]",1.6762847900390625,1,animated,effnet_politics
177,Non_offensive-FSeqQG9.png,"[[ 1.0164169   2.122316   -0.15820111 -0.6498344  -0.89487517 -0.5122237
   1.1051279   0.31739122 -0.7271514  -0.061132   -0.9636523  -0.5779146 ]]",2.1223158836364746,1,animated,effnet_politics
178,Non_offensive-FvlpogZ.png,"[[ 0.5287048   2.2056944  -1.5345578   1.8416646  -1.1093458  -0.8519304
   0.7602922   0.5951208  -0.05066358 -0.7750762  -1.0847951  -1.0699695 ]]",2.2056944370269775,1,animated,effnet_politics
179,Non_offensive-fW7CAvO.png,"[[ 0.19548896  2.6622634  -0.00743098 -0.58381355 -0.48234105 -0.22480756
   0.36765048 -0.43427056  0.28314048 -0.51880145 -1.1784183  -0.35598677]]",2.6622633934020996,1,animated,effnet_politics
180,Non_offensive-fXXcSD2.png,"[[ 0.6067867   0.8886561  -0.17222199 -0.51015806  0.2612812  -0.29098523
   0.6384317   0.22911511 -0.22283804  0.12572296 -0.62131584 -1.2416369 ]]",0.8886560797691345,1,animated,effnet_politics
181,Non_offensive-fyAh3I0.png,"[[-1.2770766   1.5786719   1.5856811  -0.8448257   0.16319418  0.45549795
  -0.8010709   2.395588   -0.9948565   0.06177391 -1.9259366  -1.1507287 ]]",2.395587921142578,7,hillary_clinton,effnet_politics
182,Non_offensive-FYijK60.png,"[[ 0.54069215  3.6088772  -0.62528634 -0.5769007  -0.83186597 -1.3540817
  -0.20695029  0.532371   -0.8485887   1.0065337  -0.3870604  -1.0662581 ]]",3.608877182006836,1,animated,effnet_politics
183,Non_offensive-gaf6LVz.png,"[[ 2.3254738   1.200747   -0.7737812  -0.93366     0.06922954 -1.2111604
   0.9222422  -0.21753618 -0.38161576  0.14040248 -0.7359047  -0.4207847 ]]",2.3254737854003906,0,animals,effnet_politics
184,Non_offensive-GaL4tca.png,"[[-0.8256149  -0.10613348 -1.2174652   4.5227237  -0.20107536  1.3938855
  -0.60929203 -0.7428565   0.07944017 -0.4137903  -1.3786864  -0.63277185]]",4.52272367477417,3,bernie_sanders,effnet_politics
185,Non_offensive-GaQNDn2.png,"[[-0.7141243   0.02500051 -0.97131324  5.0799785  -0.10312902 -0.6899755
  -0.39116904 -0.39811313 -0.24750865 -0.26455122 -0.9372517  -0.3349432 ]]",5.0799784660339355,3,bernie_sanders,effnet_politics
186,Non_offensive-gbt5ETH.jpg.png,"[[-0.4214866   0.7539889   0.5515794  -0.54610956  0.01415027 -1.6007924
   4.0686193   0.09757887 -1.486055    1.149773   -2.0962112  -0.61013997]]",4.068619251251221,6,george_w_bush,effnet_politics
187,Non_offensive-gK5tKHN.png,"[[-0.8648374   0.11631091 -0.6972081   5.6298385  -0.3067035  -0.2619997
  -0.22060032  0.25499135 -1.4876757  -0.7444825  -1.5390755  -0.14770477]]",5.629838466644287,3,bernie_sanders,effnet_politics
188,Non_offensive-gOHWdbe.png,"[[ 0.6191975   1.2046996  -0.45817852 -0.27786383 -0.4266438  -0.41213676
   0.8587     -0.4996702  -0.1330532   0.57844985 -0.03097039 -0.6482574 ]]",1.2046996355056763,1,animated,effnet_politics
189,Non_offensive-gsH7Gel.png,"[[ 1.1023079   3.4359732  -0.8290038  -0.2625742  -1.0882989  -0.729844
   0.35423994 -0.17048667 -0.14036259 -0.22199214 -0.6312578  -1.3876618 ]]",3.4359731674194336,1,animated,effnet_politics
190,Non_offensive-gy3AJXJ.png,"[[-0.7131008   0.8551673  -0.31081977  4.9700084  -0.12655611 -0.519704
  -0.6382497   0.18379296 -1.6419169  -0.72151124 -1.3446764  -0.2554725 ]]",4.970008373260498,3,bernie_sanders,effnet_politics
191,Non_offensive-h2nKIqJ.png,"[[-1.2638193   4.591466   -0.83701354 -0.22553423 -0.75878274 -0.8230996
   0.17414513  0.08227842 -0.7150787  -0.81769615 -0.75050795  0.43470404]]",4.591465950012207,1,animated,effnet_politics
192,Non_offensive-h6Pkqkr.png,"[[-0.7273563   0.01971507 -1.353481   -0.6109862  -1.0095733  -0.18992588
   5.0695205   2.652051   -0.9444673  -0.78011084 -1.0125172  -1.980418  ]]",5.069520473480225,6,george_w_bush,effnet_politics
193,Non_offensive-h92g9FL.png,"[[ 0.05041257  1.0280551  -0.31115675 -0.6788005  -0.12288626 -0.31595805
   1.033688    0.35277683  0.05925057  0.13320522 -0.23733155 -1.0580726 ]]",1.033687949180603,6,george_w_bush,effnet_politics
194,Non_offensive-HSVyqdL.png,"[[ 0.05138382  3.4296346  -0.82884187  0.21097884 -1.2998387  -0.14799973
   1.2051328   0.5158013  -0.8612796  -0.06888516 -1.3881484  -1.0171304 ]]",3.4296345710754395,1,animated,effnet_politics
195,Non_offensive-hV8hDZV.png,"[[ 0.04941401  2.3242993  -0.4648074  -0.46264395 -0.44992176  0.08892844
   0.51341677 -0.33930063 -0.48654923  0.08513363 -0.46358508 -1.1154584 ]]",2.3242993354797363,1,animated,effnet_politics
196,Non_offensive-hZ9k5JE.png,"[[-0.888564    2.150659   -0.40696752 -0.45045653 -0.60453314  0.29650927
  -0.5695732  -0.07783152  0.3811611  -0.00506568 -0.00958382 -0.41148067]]",2.1506590843200684,1,animated,effnet_politics
197,Non_offensive-I84r9TR.png,"[[-0.5835782   3.5648563  -0.14746796 -0.37133813 -0.456189   -0.3950229
   0.21888866 -0.332122   -0.25936592 -0.37597424 -0.42524117 -0.81793606]]",3.5648562908172607,1,animated,effnet_politics
198,Non_offensive-iAztwx4.png,"[[-0.6260781   0.83954394 -0.8180456   0.71319216 -0.78381705  4.5254316
  -1.5807667  -0.8352318   2.192381   -0.2875516  -2.0748475  -1.8870548 ]]",4.5254316329956055,5,donald_trump,effnet_politics
199,Non_offensive-IkosYmM.png,"[[-0.5498674   4.219567   -0.5806141  -0.7219849  -0.93828183  0.1616769
  -0.18345039 -0.50232863 -0.4156653   0.14861293 -1.0405619  -0.3497819 ]]",4.219566822052002,1,animated,effnet_politics
200,Non_offensive-Im9iERE.png,"[[ 1.026933    1.4295934  -0.8158585  -0.7944696   0.06918772 -0.06918159
   0.12437227  0.08394121 -0.13226977  0.3438788  -0.6708168  -0.969146  ]]",1.4295934438705444,1,animated,effnet_politics
201,Non_offensive-iMMNq.png,"[[-2.304316    3.5261068  -1.1518131  -1.4919169   1.0452684   1.5159854
   0.10896929 -0.7905741  -0.03808031 -1.0298662   0.01984379 -0.21294634]]",3.526106834411621,1,animated,effnet_politics
202,Non_offensive-iOyEYMl.png,"[[ 0.5810299   1.515372   -1.2496382  -0.9079589  -0.31088102 -0.19676283
  -0.44954064  0.52300066 -0.24511382  0.7311716  -0.8835835   0.33812946]]",1.5153720378875732,1,animated,effnet_politics
203,Non_offensive-IVgSveX.png,"[[ 3.3123249e-01  2.1751711e+00 -3.2544848e-01 -6.8489897e-01
  -3.0450144e-01 -3.6628965e-01  9.8089576e-01 -1.3222247e-03
  -4.8105904e-01  6.4947951e-01 -1.0093954e+00 -1.1217983e+00]]",2.175171136856079,1,animated,effnet_politics
204,Non_offensive-IWXLlFJ.png,"[[ 0.74085414  1.0808399   0.1873471  -0.04952058 -0.15015852 -0.6797886
   0.41812977  0.46309066 -0.63713384  0.449695   -1.0180386  -0.8679246 ]]",1.0808398723602295,1,animated,effnet_politics
205,Non_offensive-iZgFwkB.png,"[[ 1.4177518   0.37106973  0.00334099 -0.21813989 -1.5159099  -0.610474
   2.3174136   0.6861272  -0.7602041  -0.16792089 -0.28207737 -1.4678004 ]]",2.317413568496704,6,george_w_bush,effnet_politics
206,Non_offensive-J7KwOfQ.png,"[[ 0.35849798  1.3565745  -0.43063328 -0.3944462  -0.0975851  -0.19326767
   0.46673527  0.42364436 -0.19226831  0.10976981 -0.69435626 -1.1037351 ]]",1.356574535369873,1,animated,effnet_politics
207,Non_offensive-jAi3iI1.png,"[[ 1.7335554   2.2322454   0.3895316  -0.4413062  -0.21935765 -0.94773173
   0.05071236 -0.06904943 -0.69443965  0.32837403 -1.4301838  -0.84974146]]",2.232245445251465,1,animated,effnet_politics
208,Non_offensive-JHF6hFI.png,"[[ 0.11338848  1.970919   -0.27304283  0.17928112 -0.8509873  -0.8818215
   1.0469615   0.3116451  -0.37588128  0.13078348 -0.8065584  -0.7832358 ]]",1.9709190130233765,1,animated,effnet_politics
209,Non_offensive-JK1w4yI.png,"[[-0.10144529  1.4515668   0.00165167  0.04995573 -0.40917265 -0.8295903
   1.3824277   0.21918578 -0.8997412   0.2697835  -0.55991125 -0.7108791 ]]",1.4515668153762817,1,animated,effnet_politics
210,Non_offensive-jn4oI6f.png,"[[-0.98541605  3.724175    0.00950497 -0.4467644  -0.06440105  2.5110173
  -0.46128124 -0.16473871 -1.5304862  -0.3657018  -1.7986852  -0.83186436]]",3.724174976348877,1,animated,effnet_politics
211,Non_offensive-jQsh9vC.png,"[[ 0.08081007  3.3979647  -0.73916644 -0.93421036 -0.37381676 -1.286696
   0.03217586  0.05198552 -0.72341394 -0.11611773 -0.9738239   0.4319938 ]]",3.3979647159576416,1,animated,effnet_politics
212,Non_offensive-JRpm6xn.png,"[[ 2.1785727   0.18558915 -1.1273102  -0.5638806   3.5161633  -1.0738622
   0.62214357 -1.0589083  -0.89379597  0.06165709 -0.57864934 -1.3135582 ]]",3.5161633491516113,4,bill_clinton,effnet_politics
213,Non_offensive-JsZdMIq.png,"[[ 0.39028805  0.79009926 -1.1240108  -0.77911866 -0.62135446  1.6521246
  -0.11114204  1.4211901  -0.9444324  -1.0007721   0.4927683  -0.23416133]]",1.6521246433258057,5,donald_trump,effnet_politics
214,Non_offensive-JT26Var.png,"[[-1.0288144  -0.40230554 -1.8284404  -0.3969304   7.732718   -2.0127735
   0.60656697 -1.3226322  -1.5034481  -0.22724028  0.11705096 -0.03930229]]",7.732717990875244,4,bill_clinton,effnet_politics
215,Non_offensive-JU9LSXi.png,"[[ 0.19682208  3.226546   -0.8955589   0.21357453 -1.28801    -0.14829305
   1.3403158   0.63677835 -0.82552385 -0.06097108 -1.4135042  -1.1509757 ]]",3.226546049118042,1,animated,effnet_politics
216,Non_offensive-JYTdhl9.png,"[[ 2.6951463   1.8481433  -0.88841397 -1.0135999  -1.1983219  -0.33367473
   0.485086   -0.2103405  -0.14136401  0.3110562  -0.7932193  -0.8744612 ]]",2.695146322250366,0,animals,effnet_politics
217,Non_offensive-JYTlRZK.png,"[[-0.70359933  0.08648039  6.359915   -1.0477607  -1.1947367  -0.8360684
  -0.14968708 -0.601141   -0.64328    -0.6025251  -1.3325547  -0.59317327]]",6.359914779663086,2,barack_obama,effnet_politics
218,Non_offensive-k129f29.png,"[[ 0.6993802   1.5160811  -0.23503    -0.4539391  -0.05067331 -0.51989245
   0.36188045 -0.32225752 -0.35864058  0.54471457 -0.6220528  -0.8335514 ]]",1.5160810947418213,1,animated,effnet_politics
219,Non_offensive-k5DLjAd.png,"[[ 0.06634706  1.061126   -0.27529073 -0.42894617 -0.15535559  0.22660804
   0.41955206 -0.04219556 -0.31390437  0.4260741  -0.2928635  -0.63035786]]",1.0611259937286377,1,animated,effnet_politics
220,Non_offensive-k6h3IIK.png,"[[-9.8436165e-01  5.3757656e-01 -3.6981535e-01  5.1242213e+00
  -4.9415128e-03 -2.2303370e-01 -4.6709177e-01  1.9337937e-02
  -1.7836742e+00 -6.9351375e-01 -1.2693790e+00 -2.3336387e-01]]",5.124221324920654,3,bernie_sanders,effnet_politics
221,Non_offensive-k7472hu.png,"[[ 0.3439914   1.008694   -0.44953403 -0.50335747  0.07380139  0.44805232
   0.0768143   0.08218236 -0.2531092  -0.09868578 -0.05934259 -0.839031  ]]",1.008694052696228,1,animated,effnet_politics
222,Non_offensive-K8v985Z.png,"[[-0.5411593   1.1463563   0.2579344  -0.08955844 -0.21321684  0.04016627
   0.46928415 -0.6510415  -0.20348823  0.3390324  -0.14631051 -0.26441884]]",1.1463563442230225,1,animated,effnet_politics
223,Non_offensive-KCHMiA2.png,"[[-0.93710303 -0.13304336 -0.5490843   5.2220716   0.10261349 -0.37088868
  -0.2977069   0.72720927 -1.779319   -0.753665   -1.2877489  -0.3585621 ]]",5.222071647644043,3,bernie_sanders,effnet_politics
224,Non_offensive-kixSnlQ.png,"[[-2.420047   -1.474198   -0.2894891  -1.4232781  -0.91156435  1.5792837
  -0.10965647  1.0256805   0.15028426  0.36923218  0.23926394  3.0755877 ]]",3.075587749481201,11,nancy_pelosi,effnet_politics
225,Non_offensive-KiYSMvi.png,"[[ 1.3907452  -0.67428577 -1.193928   -0.75055707 -0.76615894 -0.69468665
  -1.2013144   4.3966618  -0.6268952  -0.19523779  1.5465912  -1.1548004 ]]",4.396661758422852,7,hillary_clinton,effnet_politics
226,Non_offensive-KnLJwdq.png,"[[-0.253675    2.6317732  -0.5552481  -0.6640667  -0.3136252  -0.5362054
   0.4836811  -0.6686009  -0.15776157  0.07269524 -0.062456   -0.5538423 ]]",2.6317732334136963,1,animated,effnet_politics
227,Non_offensive-koxcr8J.png,"[[ 3.3759654   1.0608946  -0.68660086 -1.0710726  -0.90763277 -1.6780882
   0.7081853   2.3371437  -0.6904683   0.0687537  -0.7842769  -1.4437976 ]]",3.3759653568267822,0,animals,effnet_politics
228,Non_offensive-krkcbjy.png,"[[ 1.131081    0.79833424 -0.32895383 -0.61392844  0.25341448 -0.1393461
   0.43718773 -0.14504877 -0.09315029  0.14675994 -0.66286635 -0.82869744]]",1.131080985069275,0,animals,effnet_politics
229,Non_offensive-Ktvna1u.png,"[[ 1.6411461   1.7944727  -1.2878345  -0.36691284  0.5721206  -0.04326244
   0.17476626 -0.17189658 -1.0888951  -0.19882381 -0.7542045  -0.2922443 ]]",1.7944726943969727,1,animated,effnet_politics
230,Non_offensive-kxA5NIk.png,"[[-0.7007834  -0.0912625  -0.55911744  5.216553   -0.26743785 -0.43583217
  -0.31392348  0.9576833  -1.6842403  -0.65994585 -1.2708584  -0.5616519 ]]",5.216553211212158,3,bernie_sanders,effnet_politics
231,Non_offensive-ky2vvAw.png,"[[ 4.880662   -0.3057902  -0.5266868  -0.5373049  -0.6661258  -0.29625255
  -0.11980805 -0.8580883  -0.7478229   0.11970915 -0.09932765 -0.6042292 ]]",4.880661964416504,0,animals,effnet_politics
232,Non_offensive-kzLhUFd.png,"[[ 0.55706733  1.4021621  -0.18053699 -0.41832367 -0.34556982 -0.6207266
   0.6013993  -0.33480227 -0.09565002  0.49414402 -0.2760095  -0.9054707 ]]",1.4021620750427246,1,animated,effnet_politics
233,Non_offensive-KZoud4R.png,"[[ 0.30240148  1.7183933  -0.3211702  -0.3875605  -0.0080066  -0.15268624
   0.47872886 -0.99762404  0.1472567   0.38477445 -0.61106485 -0.60320556]]",1.718393325805664,1,animated,effnet_politics
234,Non_offensive-L6WFxJs.png,"[[-1.8206052   4.8998737  -0.9559519  -0.20791022 -0.55178046  0.4337783
  -0.5754209  -1.2272921   0.40973872 -0.58525807 -0.08263835 -0.44627607]]",4.899873733520508,1,animated,effnet_politics
235,Non_offensive-L7jzD7i.png,"[[ 0.810235    2.2098348  -0.02374973 -0.39680433 -1.6382455  -0.5584109
   0.7496939  -0.5396039   0.47305715 -0.377963   -0.15818308 -0.7449082 ]]",2.2098348140716553,1,animated,effnet_politics
236,Non_offensive-LAPqPzX.png,"[[ 0.89113694  3.0700455  -0.5411639  -0.2291924  -0.88909936 -0.9230695
   1.4666651  -0.56177217 -0.81149006  0.18866505 -1.3076895  -1.0828108 ]]",3.0700454711914062,1,animated,effnet_politics
237,Non_offensive-LH0waGz.png,"[[-1.4775618  -0.14560224  0.80292195 -0.69451195 -0.14790325  1.7035112
   2.6386728  -0.41738248  1.694655   -0.2640992  -1.1776401  -2.7360203 ]]",2.6386728286743164,6,george_w_bush,effnet_politics
238,Non_offensive-LJ3r8Gy.jpg.png,"[[-0.70882523 -0.5821789  -0.47699404  6.553079   -0.06158127 -0.27070528
  -0.12481517 -0.37375015 -2.091522   -0.7758443  -1.1570624  -0.16757971]]",6.553079128265381,3,bernie_sanders,effnet_politics
239,Non_offensive-Lo2ylA3.png,"[[-1.2561357   4.590952   -0.64449805 -0.42799565 -0.33938277 -0.49272648
  -0.59598285 -0.37259787  0.20166743 -0.5981325  -0.31435257 -0.63938916]]",4.590951919555664,1,animated,effnet_politics
240,Non_offensive-lPguwLG.png,"[[ 0.52658194  1.055818    0.19895539 -0.40650392 -0.15278602 -0.00367192
  -0.21113412  0.09259985 -0.3280114   0.09789912 -0.09413099 -0.82595384]]",1.05581796169281,1,animated,effnet_politics
241,Non_offensive-Lsjt4TJ.png,"[[ 0.71451235  0.47113127 -0.47609425 -0.93026507  0.29312032  0.06040294
   0.8375604   0.7307913   0.14596923 -0.11553447 -0.8581426  -1.1521952 ]]",0.8375604152679443,6,george_w_bush,effnet_politics
242,Non_offensive-lVOjKnR.png,"[[ 4.209638    0.9806856  -0.3356125  -0.987316   -0.3418968  -0.34862167
  -0.28797057  0.0362877  -1.0322672  -0.2134411  -0.88619244 -0.86960125]]",4.2096381187438965,0,animals,effnet_politics
243,Non_offensive-LW5TKwe.png,"[[-0.80625904  2.8335037  -0.5264225   0.30661926 -1.1872087  -0.17474535
   0.9933252  -0.38071638 -0.09323457  0.22585185 -0.49336874 -0.8532609 ]]",2.8335037231445312,1,animated,effnet_politics
244,Non_offensive-m0FKJHM.png,"[[-0.97549224 -0.11002301 -0.62094223  5.5832305   0.01086321 -0.43783262
  -0.15011124  0.5187075  -2.0050166  -0.77762467 -1.127926   -0.32078636]]",5.583230495452881,3,bernie_sanders,effnet_politics
245,Non_offensive-M6wyDw8.png,"[[ 0.73851216  1.4415922  -0.01153586 -0.55262136 -0.3294492   0.10715999
   0.9596244   0.19397043 -1.1412506  -0.14060529 -0.64260507 -0.57122886]]",1.4415922164916992,1,animated,effnet_politics
246,Non_offensive-m85k7GR.png,"[[ 0.17214078  2.5412984   0.16363214 -1.0866747   0.29935107  0.59316945
   0.07170003  0.70675397 -0.8884051  -0.7760334  -1.0620644  -1.1809466 ]]",2.5412983894348145,1,animated,effnet_politics
247,Non_offensive-mErGXnG.png,"[[ 1.1883909   1.1486958  -0.427254   -0.18322127 -0.25919843 -0.8823949
   1.1700228  -0.11030798 -0.44808665  0.007753   -0.2266555  -0.8460623 ]]",1.188390851020813,0,animals,effnet_politics
248,Non_offensive-meTteYg.png,"[[ 0.5569301   2.242047   -0.7243721  -0.08993132 -0.39308015  0.17481607
  -0.07321852 -0.23347922  0.04052701 -0.2920525  -0.97334296 -0.77442765]]",2.242047071456909,1,animated,effnet_politics
249,Non_offensive-MfHuFve.png,"[[-0.28280583  0.12462264 -0.755283   -0.4487623   0.07694507 -1.4059397
   0.6625229  -0.6943326  -0.6611557   0.60698354 -0.5431309   3.5819058 ]]",3.5819058418273926,11,nancy_pelosi,effnet_politics
250,Non_offensive-MLw5fUA.png,"[[-0.08072737 -0.32121414  0.7480683   2.4091947  -0.64822716 -0.6936748
  -0.3832409  -0.263687   -1.1590596   3.6623728  -1.3823489  -1.0907882 ]]",3.6623728275299072,9,kamala_harris,effnet_politics
251,Non_offensive-MmdEDKF.png,"[[ 0.17512426  0.35691705 -0.69097954  0.03658822 -1.0132606  -0.11617133
   1.9918869  -0.3279168  -0.03266147 -0.01264848 -0.33261752  0.3079592 ]]",1.991886854171753,6,george_w_bush,effnet_politics
252,Non_offensive-Mmtyp8J.png,"[[-0.3230596   4.606661   -0.62804717 -0.73473287 -0.5334146  -0.50304306
   0.7847956  -0.2316997  -1.3308973  -0.5506283  -0.42050725 -0.67108476]]",4.606660842895508,1,animated,effnet_politics
253,Non_offensive-MOMyvfC.png,"[[-0.15434417  1.1313818  -0.39034885  0.10288313 -0.9365315   5.830153
  -1.6225625  -0.56026644 -1.0478309   0.38662934 -1.380043   -1.0255394 ]]",5.830152988433838,5,donald_trump,effnet_politics
254,Non_offensive-mrjFNGX.png,"[[ 0.3586474  -0.6612111  -0.41969833 -0.6432673   0.20789894  3.2721982
  -0.9784723   1.8767523  -0.31578413 -0.65561825 -0.70789367 -1.6727574 ]]",3.27219820022583,5,donald_trump,effnet_politics
255,Non_offensive-mVDgP9C.png,"[[ 0.04661584  2.5088243  -0.46420914 -0.3170166  -1.0638174  -0.28138474
   0.9710128  -0.267633   -0.11240736  0.01107502 -0.34162557 -0.68699086]]",2.508824348449707,1,animated,effnet_politics
256,Non_offensive-mVjzFQY.png,"[[ 3.5722587   1.7175341  -0.11734421 -1.1979368  -0.45624772 -0.05911168
  -0.13877459 -0.54885024 -0.8856021   0.12538119 -1.0805658  -0.7529621 ]]",3.572258710861206,0,animals,effnet_politics
257,Non_offensive-mZmgkws.png,"[[-0.90885484 -0.62568617 -0.78186315  6.607513   -0.501896   -0.36135003
  -0.47652268 -0.54717827 -1.258731   -0.4906311  -0.90241766  0.17031592]]",6.607512950897217,3,bernie_sanders,effnet_politics
258,Non_offensive-mZvaiMI.png,"[[ 4.70902    -1.6148027  -0.62683165 -0.40102392  0.4611655  -0.3729322
  -0.01063944  0.12723245 -0.60927904 -0.22014284 -0.17938302 -0.3516798 ]]",4.709020137786865,0,animals,effnet_politics
259,Non_offensive-N26emlc.png,"[[-0.9913968   1.1156342  -0.94453734 -0.78750294  4.2328076  -1.462078
   0.3340634   1.096756   -0.7647729   0.00460668 -0.95850307 -1.6278615 ]]",4.232807636260986,4,bill_clinton,effnet_politics
260,Non_offensive-naXRSpK.png,"[[-0.12725762  2.6871934  -0.46982118 -0.03072144 -1.4288938   0.65872
   1.2437978  -0.06210172 -0.991362   -0.34985694 -0.7200095  -0.5662595 ]]",2.6871933937072754,1,animated,effnet_politics
261,Non_offensive-NdIEduW.png,"[[ 0.15860492  1.3328673  -1.4982789  -0.38634524  0.08576553  0.2211623
   2.8399186   1.4065175  -0.9817914  -0.13269204 -1.064823   -2.2906508 ]]",2.839918613433838,6,george_w_bush,effnet_politics
262,Non_offensive-nEE5sjy.png,"[[ 0.8168273   2.591709    0.5603464  -0.89675087 -1.758864   -1.0445546
   0.68175584  0.395171    0.01714191 -0.7274204   0.5746387  -0.5674265 ]]",2.5917088985443115,1,animated,effnet_politics
263,Non_offensive-nHevBnI.png,"[[-0.6883632   4.1902895  -0.51639676 -0.3624715  -0.37695444 -0.13651595
   0.34461707 -0.3527993  -0.37962133 -0.2858116  -1.5154061  -0.781227  ]]",4.190289497375488,1,animated,effnet_politics
264,Non_offensive-NLdr9yb.png,"[[ 1.54111     1.6695434  -0.33353513 -0.71247417 -0.97454786  0.00805361
   0.941398   -0.4394635  -0.7303119   0.2588157  -0.27223957 -0.7553432 ]]",1.6695433855056763,1,animated,effnet_politics
265,Non_offensive-nlzn1IN.png,"[[ 1.8112313   1.4856404  -1.0721351  -0.823772   -0.2664508   0.80695784
   0.3906126   0.17036794 -0.63108647 -0.28091216 -1.032297   -1.0663399 ]]",1.811231255531311,0,animals,effnet_politics
266,Non_offensive-nnEBoVw.png,"[[-0.05371711  1.2758763  -0.21865097 -0.36065558 -0.6541778   0.18166938
   0.97703224 -0.47903538 -0.19932505  0.58891326 -0.04834122 -0.63869214]]",1.2758762836456299,1,animated,effnet_politics
267,Non_offensive-nNYop46.png,"[[ 4.654748    0.3501405  -0.15137921 -0.5753324  -0.670117    0.08734861
  -0.72366357 -0.98547    -0.7570926   0.02225177 -0.3323989  -0.71543396]]",4.65474796295166,0,animals,effnet_politics
268,Non_offensive-NpDM9E8.png,"[[-0.71468246  3.6633925  -0.59745514 -0.61582184 -0.3102238   1.5090275
   0.07469897 -0.36105022 -0.5111953  -0.5313607  -0.9103558  -0.72818446]]",3.6633925437927246,1,animated,effnet_politics
269,Non_offensive-nqfekut.png,"[[-0.1976501   2.4551487  -0.5170606  -0.42108095 -0.6557812   0.7648951
  -0.6671811   0.01082274 -0.01298014 -0.43419033 -0.349177   -0.36907414]]",2.455148696899414,1,animated,effnet_politics
270,Non_offensive-NtpMxK9.png,"[[-1.0942309   1.6450807  -0.54076713 -0.86137736 -0.5916467  -0.5304899
  -0.8807942   4.055322   -0.2800768  -1.5042021  -0.21964079 -0.3805191 ]]",4.055322170257568,7,hillary_clinton,effnet_politics
271,Non_offensive-nWjooc9.png,"[[-1.1314161   2.4215786   0.28662357 -0.79323524 -1.0797236   0.9132471
   0.01659035  2.4488199  -0.95017004 -0.5136693  -0.84364206 -1.3534548 ]]",2.448819875717163,7,hillary_clinton,effnet_politics
272,Non_offensive-NyP2PbK.png,"[[ 1.742516    0.73594034 -0.27039933 -0.876778    0.7185845  -0.4954526
   0.19444251  1.1472529  -0.2818807  -0.20757468 -1.2774048  -1.4534057 ]]",1.742516040802002,0,animals,effnet_politics
273,Non_offensive-NypZ28n.png,"[[-1.0229224  -0.15577672 -0.63403654  5.772194   -0.05293502 -0.2829565
  -0.16296956  0.15625627 -2.043294   -0.67441905 -0.9988414  -0.14487988]]",5.772193908691406,3,bernie_sanders,effnet_politics
274,Non_offensive-O1JHlod.png,"[[ 1.270455    2.9030733  -0.2785079  -0.69709694 -1.2072583  -0.44608542
   0.2797653   0.63012326 -0.6587821   0.07624088 -0.9841625  -0.8956795 ]]",2.903073310852051,1,animated,effnet_politics
275,Non_offensive-O3KNvgz.png,"[[ 1.751493    4.430661   -0.6593857  -0.7539951  -1.4318615  -0.23863709
  -0.13504568  0.5928241  -1.7361718  -0.47510654 -0.70244765 -1.4317179 ]]",4.430661201477051,1,animated,effnet_politics
276,Non_offensive-Oa1JNby.png,"[[-1.7943715   3.7433474  -0.8102196  -0.4260717  -0.27346653 -0.6163664
  -0.79682124  1.087215    0.4252641  -0.38622856 -0.96597445 -0.37175944]]",3.743347406387329,1,animated,effnet_politics
277,Non_offensive-Ob1Q9v8.png,"[[ 3.763052    1.8938551  -0.20905538 -1.0860677  -0.8141237  -1.0903797
   0.01894203  0.66345084 -0.62555087  0.07474776 -1.5713778  -0.10578557]]",3.763051986694336,0,animals,effnet_politics
278,Non_offensive-odYglAk.png,"[[ 0.79032004  0.8222133  -0.681675   -0.81097513  0.19575137  0.04134007
   0.4934245   0.71989787  0.072031    0.43299258 -1.0426046  -1.2731768 ]]",0.8222132921218872,1,animated,effnet_politics
279,Non_offensive-ogrQSpx.png,"[[-0.21111926  0.55686235 -0.53356117  3.8954551  -0.22439976 -0.64571404
  -0.17065798 -0.07021019 -1.0090201  -0.2928337  -0.9470426  -0.25743213]]",3.8954551219940186,3,bernie_sanders,effnet_politics
280,Non_offensive-OhXur08.png,"[[ 0.03526136  4.111874   -1.0941998  -0.61659825 -0.14581655 -0.63783634
   0.1625767  -0.3908076  -0.63286376  0.85915947 -1.1696297  -1.2171476 ]]",4.111874103546143,1,animated,effnet_politics
281,Non_offensive-Okb6dJB.png,"[[-0.50435746  0.7049926  -0.7041532  -0.8760673  -1.2835655  -0.6558372
   0.19276948  0.33771664 -0.3143      5.608571   -0.968041   -1.5992701 ]]",5.6085710525512695,9,kamala_harris,effnet_politics
282,Non_offensive-oKD3FG3.png,"[[-0.7111516   0.08318254  6.347252   -1.0647795  -1.1305002  -0.82238436
  -0.18329127 -0.6059316  -0.6251801  -0.62729806 -1.3598076  -0.5708888 ]]",6.347251892089844,2,barack_obama,effnet_politics
283,Non_offensive-oRz3Ms8.png,"[[-1.9709817   0.2043347  -0.34303242  0.15328053 -0.71490663  0.85023725
   1.5310993   3.4267514  -0.89405954 -0.81398237 -1.0354875  -0.95742106]]",3.4267513751983643,7,hillary_clinton,effnet_politics
284,Non_offensive-otfhxeo.png,"[[ 0.5922287   2.7086751  -0.5506206  -0.8026695  -1.4504895  -0.029605
   0.9599845   0.06545638  0.05928519 -0.04997414 -0.58742654 -0.95598805]]",2.7086751461029053,1,animated,effnet_politics
285,Non_offensive-oyjvlEa.png,"[[-0.61213005  4.9557233  -0.7942854  -0.8431661  -0.08631591 -0.867419
   0.04715972 -0.23522581 -0.49193558 -0.67133987 -0.2720407  -0.9558332 ]]",4.955723285675049,1,animated,effnet_politics
286,Non_offensive-p2ciRYD.png,"[[-0.2081584   3.2407575  -0.49724972 -0.7466162   0.1678896   0.29370826
  -0.16368316  1.1056248  -1.0460296  -1.0722314  -0.9143109  -0.47782886]]",3.240757465362549,1,animated,effnet_politics
287,Non_offensive-p3u6fbf.png,"[[-1.8479275   2.6120284   2.6172242   0.28984356  0.5443913  -0.7579391
  -0.4513452  -0.38612613 -2.1429713   0.7329782  -1.7535425  -0.35140234]]",2.6172242164611816,2,barack_obama,effnet_politics
288,Non_offensive-p8cqujC.png,"[[ 1.3071588   2.8986492  -0.88683516 -0.6072985   1.2432792  -0.71142244
  -1.0292467  -0.6475235  -0.27582347  0.14046036 -0.83801013 -0.52517176]]",2.898649215698242,1,animated,effnet_politics
289,Non_offensive-p95qrbn.png,"[[ 3.533269   -0.5835351  -0.4498972  -1.183778   -0.2736487  -0.05100191
   0.6373676   0.06925081 -0.05049512 -0.14681324 -0.6582182  -0.59090334]]",3.533268928527832,0,animals,effnet_politics
290,Non_offensive-pdaFFC4.png,"[[ 0.29091188  0.47279733  0.71286285  2.0100386  -0.46531433 -0.43635514
   0.412139    0.5378542  -1.3726017   0.04018809 -1.644817   -0.43386206]]",2.0100386142730713,3,bernie_sanders,effnet_politics
291,Non_offensive-PdPdKfd.png,"[[ 1.1537913   2.470318   -0.66243285 -1.0386508  -0.46391702 -0.39740238
   1.3124481  -0.25172064  0.08593359 -0.05768676 -0.59859484 -1.5965874 ]]",2.470318078994751,1,animated,effnet_politics
292,Non_offensive-pEPz8iF.png,"[[-0.4607366   1.0540227   0.37285674  0.27562135 -0.80681866 -0.56469584
   0.96474487  0.6714178  -0.18997249 -0.14846149 -0.61381537 -0.73297226]]",1.0540226697921753,1,animated,effnet_politics
293,Non_offensive-pgVlfQb.png,"[[ 0.2952176   2.0633087  -0.35040092 -0.9245458  -0.76187986  0.3975196
   1.0754166   0.1753441  -0.23275095 -0.23283555 -0.4281804  -0.92252564]]",2.0633087158203125,1,animated,effnet_politics
294,Non_offensive-phyDxAb.png,"[[ 0.25679398  1.6591036  -0.9666767  -0.7095055  -0.1659776   0.41817036
   0.6094667  -0.18462151  0.01886995  0.29300463 -0.86255074 -1.1127317 ]]",1.6591036319732666,1,animated,effnet_politics
295,Non_offensive-PjZa9M1.png,"[[-0.6545119   3.8191519  -0.9957741  -0.6538217  -0.17118926  0.50287247
   0.8960969  -0.83966565 -0.35432687 -0.50851905 -1.1593554  -0.2540939 ]]",3.8191518783569336,1,animated,effnet_politics
296,Non_offensive-Pn18AKw.png,"[[-0.4732255  -0.03532635 -0.2889507  -0.37899408 -0.7790395  -0.32842383
  -0.6894628   0.4136917  -1.115196    5.59516    -1.2340598  -0.39971596]]",5.595160007476807,9,kamala_harris,effnet_politics
297,Non_offensive-pnJqmzw.png,"[[-1.8468236   3.5310464  -0.20269169 -1.3332238  -0.7660237  -1.6559023
  -0.3580995   0.80292106 -0.86478794  0.6993625  -0.4430833   1.4795711 ]]",3.5310463905334473,1,animated,effnet_politics
298,Non_offensive-pOkTegk.png,"[[ 0.5145933   2.6671944  -0.5876244  -0.8171324  -0.65538496  0.2086995
  -0.10649466  0.34048843 -0.22127333 -0.41458786 -0.38212803 -0.8084408 ]]",2.667194366455078,1,animated,effnet_politics
299,Non_offensive-pW6hm0W.png,"[[ 0.9290273   0.48819393  0.05932344 -0.66798264  0.32651645 -0.04419512
   0.26278293  0.48875785 -0.31063557  0.02171813 -0.6187074  -1.1356152 ]]",0.9290273189544678,0,animals,effnet_politics
300,Non_offensive-pyCWWr7.png,"[[ 0.4272224   0.9371664  -0.18959683 -0.53537095 -0.2922513   0.1646674
   0.8324139  -0.49293703 -0.06908325  0.67366874 -0.45382476 -0.99182487]]",0.9371663928031921,1,animated,effnet_politics
301,Non_offensive-Q29wRyg.png,"[[-1.6640157   5.197925   -0.9035093  -0.5933128   0.07929593  0.04884752
  -0.8198576  -0.80398595 -0.10613824 -0.6463641  -0.17386767 -0.41170448]]",5.197925090789795,1,animated,effnet_politics
302,Non_offensive-QbYt8jJ.png,"[[ 4.3180637   0.90658957 -0.33586872 -1.0398     -0.35406423 -0.07959329
  -0.2561831  -0.28226876 -1.1463104   0.05468296 -1.0272137  -0.68771577]]",4.318063735961914,0,animals,effnet_politics
303,Non_offensive-QebeqSh.png,"[[-1.067473    1.7143434  -0.80920035 -0.98525596 -1.2242149  -0.8742578
  -0.26212117  4.0366583  -0.5997369   0.35158718 -0.03620555 -1.2397424 ]]",4.03665828704834,7,hillary_clinton,effnet_politics
304,Non_offensive-QEM6dG2.png,"[[ 0.66723645  1.921173   -0.44967875 -0.57375956 -0.04296906  0.01145309
  -0.17254151 -0.1686308  -0.47407696 -0.06587657 -0.51324993 -0.41960043]]",1.9211729764938354,1,animated,effnet_politics
305,Non_offensive-qERLZTk.png,"[[ 0.04354197  0.8507407  -0.04859608 -0.12144332 -0.16461396  0.03851951
   0.6971911  -0.36378834 -0.10757366  0.561161   -0.45892102 -0.681363  ]]",0.8507406711578369,1,animated,effnet_politics
306,Non_offensive-QHHMKB3.png,"[[-0.87762094  1.0182496   0.19743633  0.19141328 -0.22564921  0.19225222
   0.78352845  0.36785704 -0.06411314  0.45311803 -1.1781529  -0.701452  ]]",1.0182496309280396,1,animated,effnet_politics
307,Non_offensive-qHS51uj.png,"[[-5.5205822e-04  4.9260551e-01 -2.8271943e-01 -6.5133870e-03
  -1.6667100e+00  6.2347574e+00 -1.7416130e+00 -9.8541856e-02
  -1.1425836e+00  4.6750456e-02 -7.1488851e-01 -3.9663169e-01]]",6.234757423400879,5,donald_trump,effnet_politics
308,Non_offensive-Qlm1siZ.png,"[[ 0.9340758   1.692103   -0.18619555 -0.15722546 -0.23070037 -0.4293475
   0.6551688  -0.7534616  -0.6071892  -0.36708856 -0.26945236 -0.27250004]]",1.6921030282974243,1,animated,effnet_politics
309,Non_offensive-QLQ4taO.png,"[[ 0.14417806  2.3152184  -0.6950465  -0.5541592   1.52623    -2.2381659
  -1.2805183   2.201946   -0.35885635 -0.1820212  -1.2080696  -0.13267194]]",2.315218448638916,1,animated,effnet_politics
310,Non_offensive-QmLaggk.png,"[[ 0.09652457  3.6693115  -0.2355555  -0.9439687  -0.5784009   0.17105086
  -0.6013274   0.59750736 -0.51575434 -0.56800675 -0.6343083  -0.8797997 ]]",3.6693115234375,1,animated,effnet_politics
311,Non_offensive-qMmIGUr.png,"[[ 5.163207    0.1360994  -0.1751621  -0.77156365 -0.37472966  0.23032746
   0.11449426 -0.04160367 -1.1758001  -0.5743729  -1.234186   -0.46740472]]",5.163207054138184,0,animals,effnet_politics
312,Non_offensive-QNB8H2s.png,"[[ 0.27216578  0.3363497  -2.62877     2.196928   -0.1526291  -0.8945643
  -1.1731312   1.9377764   0.32051444 -0.7613106   2.2274666  -1.6275244 ]]",2.227466583251953,10,mike_pence,effnet_politics
313,Non_offensive-QnLfqfX.png,"[[-1.4709946  -0.11195414  0.13436323 -0.48057997 -0.20641969  5.1644998
  -0.3321413  -1.025555    0.92004395 -0.01516117 -1.5425242  -1.0176195 ]]",5.164499759674072,5,donald_trump,effnet_politics
314,Non_offensive-QonIrvr.png,"[[ 0.4795214   1.5810874  -0.6649497  -0.5978684  -0.712851    0.11861967
   0.21643125 -0.23070894 -0.19105342  0.4735521  -0.31869602 -0.6511868 ]]",1.581087350845337,1,animated,effnet_politics
315,Non_offensive-qoZxIKO.png,"[[-0.7828399   2.5614922  -0.7619496  -0.50459003 -0.8047722  -0.557655
   1.0607619  -0.4066823   0.28882423  0.35875207 -0.45850205 -0.27447456]]",2.5614922046661377,1,animated,effnet_politics
316,Non_offensive-qq8wzMR.png,"[[-0.7009022   0.12401675  6.360346   -1.0606611  -1.1419938  -0.8469107
  -0.1654951  -0.6058033  -0.6476716  -0.6419806  -1.383629   -0.5796763 ]]",6.360345840454102,2,barack_obama,effnet_politics
317,Non_offensive-QQnZqPB.png,"[[-1.7399579   1.6686951   0.01923447 -0.39681336  0.1905175  -1.076907
   2.465543    1.9273077  -1.6595092  -0.7927447  -1.4067756   0.13730314]]",2.465543031692505,6,george_w_bush,effnet_politics
318,Non_offensive-QTNlTQo.png,"[[ 0.81481886  1.8527328  -0.2538589  -0.20565946 -0.3355223  -0.3941233
   0.21962933 -0.54184073 -0.51483834  0.4001956  -0.51942515 -1.0255659 ]]",1.85273277759552,1,animated,effnet_politics
319,Non_offensive-qZ8nvyF.png,"[[-0.7077925  -0.08386253 -0.38286105 -0.8337554  -0.8088909   0.21735993
  -0.5274401   4.5070066  -0.5277772  -0.34117872 -0.00999922 -1.2723823 ]]",4.507006645202637,7,hillary_clinton,effnet_politics
320,Non_offensive-R2jWn36.png,"[[-0.7618302   2.4868302   0.01176697 -0.20234782 -0.90767586  0.21432136
   0.539828   -0.59531176 -0.33924702 -0.1760255  -0.43865877 -0.03272416]]",2.486830234527588,1,animated,effnet_politics
321,Non_offensive-Rb48yZM.png,"[[-0.51337445  1.2835925  -0.33824068 -0.8662121   1.7671652   2.467272
  -0.0556428  -0.5419816  -1.3261812  -0.34948736 -1.1043421  -0.7210195 ]]",2.4672720432281494,5,donald_trump,effnet_politics
322,Non_offensive-RbOxrFZ.png,"[[-0.5290476   3.7762737  -1.0983279  -0.22159895  0.01564217 -0.9237355
   0.6437674  -0.4553252  -0.6435075  -0.08017924 -0.13714422 -0.6471833 ]]",3.776273727416992,1,animated,effnet_politics
323,Non_offensive-RgdeucC.png,"[[ 1.04235     2.2220626  -0.53071284 -0.59808546 -0.12932219 -0.90093637
   0.9894709   0.11544172 -0.531662    0.28348386 -1.004769   -1.1983656 ]]",2.222062587738037,1,animated,effnet_politics
324,Non_offensive-rGPad5Y.png,"[[-0.9710846   1.3782811  -0.42895347  4.761265   -0.2853528  -0.58608973
  -0.59389865 -0.09225006 -1.5069534  -0.6242031  -1.2481372  -0.01126098]]",4.761264801025391,3,bernie_sanders,effnet_politics
325,Non_offensive-rgYqE0y.png,"[[ 1.9377375   1.0188491  -0.09969848 -0.6092921   0.02971269 -0.7297492
   0.9132362   0.42970937 -0.25264978  0.05988611 -1.2913784  -1.1885111 ]]",1.9377374649047852,0,animals,effnet_politics
326,Non_offensive-RhODpdf.png,"[[ 0.5410227  -0.18897264 -0.8329617   0.1600858  -0.8221675  -0.87781954
   6.1500006   1.0408516  -2.517355   -0.46494275 -1.5820098  -0.99093866]]",6.15000057220459,6,george_w_bush,effnet_politics
327,Non_offensive-rmlkOMu.png,"[[-1.5391463   2.5934508  -1.3117361  -1.0119321   4.7028165  -0.36497042
  -0.72657484 -0.2976097   0.6627861  -0.65283376 -1.3862797  -1.2631036 ]]",4.702816486358643,4,bill_clinton,effnet_politics
328,Non_offensive-rOr3fxM.png,"[[-2.2632787   1.0927726   0.39880064 -0.9097314   1.1412021   3.3615396
   0.65541244 -1.9616213   0.66884506 -0.55138475 -0.20274577 -2.0034325 ]]",3.361539602279663,5,donald_trump,effnet_politics
329,Non_offensive-rOvVkF1.png,"[[ 0.10193315  1.6957482  -0.29918733 -0.5073142  -0.5584255  -0.0278008
   0.8774382  -0.30495638 -0.34544712  0.24221836 -0.43184966 -0.7171335 ]]",1.695748209953308,1,animated,effnet_politics
330,Non_offensive-RSTEno4.png,"[[-1.4566886   5.719087   -0.7245012  -1.0501497  -0.39804634 -0.7138126
  -0.09358337 -0.11255372 -0.78766596 -0.01839583 -0.82862025 -0.34689996]]",5.71908712387085,1,animated,effnet_politics
331,Non_offensive-RX8t7Jd.png,"[[-0.67316246  0.28312576 -0.9118931   4.928131    0.11921714 -0.11596823
   0.15890394 -0.33836254 -1.5440898  -0.81785554 -0.8248223  -0.6158415 ]]",4.928131103515625,3,bernie_sanders,effnet_politics
332,Non_offensive-s1qivuu.png,"[[ 0.28670937  2.6979098  -0.6894858   0.05543689 -1.3979132  -0.5880172
   0.92500985 -0.14329176 -0.33482507  0.0540814  -0.35892016 -0.92284966]]",2.6979098320007324,1,animated,effnet_politics
333,Non_offensive-s3iOROE.png,"[[ 0.7830193   0.9662485   0.23103055 -0.07432443  2.9740767  -2.914619
   0.13765796 -0.13633312 -1.7641597   0.8187479  -1.0755827  -0.43477142]]",2.974076747894287,4,bill_clinton,effnet_politics
334,Non_offensive-s8bBJYS.png,"[[-0.8168396   0.03554434 -0.28083512  6.0501723   0.11909878  0.08386866
  -0.01859055 -1.0986964  -1.8870692  -1.0370822  -0.9295603  -0.34109476]]",6.050172328948975,3,bernie_sanders,effnet_politics
335,Non_offensive-SazlDcs.png,"[[-0.9229053  -0.2312298  -1.2096785  -1.3720362   1.7182668   1.9861114
   1.1944352   0.7377259   0.62492085 -1.2028388  -0.13007589 -1.6807693 ]]",1.9861114025115967,5,donald_trump,effnet_politics
336,Non_offensive-sbWUiil.png,"[[-0.9507295   0.16778396 -0.7668377   5.388037   -0.00783689 -0.3136326
  -0.46758217  0.34496844 -1.6392028  -0.66649294 -1.3394437  -0.04013208]]",5.388037204742432,3,bernie_sanders,effnet_politics
337,Non_offensive-se7MJYj.png,"[[-1.0029786  -0.05914347 -0.3868512  -0.43385    -0.13885812  5.4393306
  -0.5542814  -0.78199536 -0.24007812 -0.04280855 -1.180053   -0.4347227 ]]",5.439330577850342,5,donald_trump,effnet_politics
338,Non_offensive-sG8faWv.png,"[[ 0.87801725  2.0104463  -0.40986127 -0.89366406 -0.9190694   0.39802998
   0.91718835 -0.50089383 -0.47004148  0.19343208 -0.8408989  -0.44585162]]",2.010446310043335,1,animated,effnet_politics
339,Non_offensive-SGQOyjW.png,"[[-1.4491678  -0.3743745   2.2134383  -0.38469315 -0.48086515 -0.65286326
   2.377176    0.44676542  0.16091414  0.4155851  -1.4647819  -1.1708131 ]]",2.37717604637146,6,george_w_bush,effnet_politics
340,Non_offensive-SiKwS84.png,"[[ 0.41034922  1.1016992  -0.04923835 -0.5922202  -0.6803082   0.13670605
   0.5467103  -0.28561085 -0.12468347  0.2585219  -0.18868545 -0.2626704 ]]",1.1016992330551147,1,animated,effnet_politics
341,Non_offensive-sKiuQVf.png,"[[ 0.17292273  3.2592998  -0.48479915 -0.76868594 -0.12578145 -0.7336165
   0.4685659  -0.2479538  -0.28798813  0.02371995 -1.0999054  -0.9429058 ]]",3.2592997550964355,1,animated,effnet_politics
342,Non_offensive-so4V8X7.png,"[[-1.4480889   1.6251212  -0.7793633  -0.5969282  -0.37663963  2.6280572
   0.748122   -0.00272067 -1.438734   -0.4265893  -0.21737695  0.04300481]]",2.6280572414398193,5,donald_trump,effnet_politics
343,Non_offensive-sOYYbyS.png,"[[ 0.64747757  2.268364   -1.0086836  -1.1070944  -0.7686755   0.13267851
   0.67685235  0.9308555  -0.27721047 -0.11911736 -1.2393005  -0.43937966]]",2.2683639526367188,1,animated,effnet_politics
344,Non_offensive-SPKD3JU.png,"[[ 0.2333549   0.4772508  -0.56423     0.31393746 -1.5571536   6.414214
  -2.1110053  -0.13542432 -1.4070585   0.21233751 -0.93609077  0.11126339]]",6.414214134216309,5,donald_trump,effnet_politics
345,Non_offensive-st6NozD.png,"[[ 1.3276763   1.1400884  -0.4446503  -0.6537719  -0.91617894  0.7029016
   0.04032897  1.460334   -0.88436806 -0.74168265 -0.831177   -0.17558084]]",1.4603339433670044,7,hillary_clinton,effnet_politics
346,Non_offensive-Svfe8vm.png,"[[ 4.8089206e-01  1.9520195e+00 -4.4480753e-01 -8.5030288e-01
  -2.2754879e-01  6.8800151e-04  4.2556068e-01 -4.4054940e-02
  -5.3151584e-01 -2.3009139e-01 -6.5300667e-01 -3.4631324e-01]]",1.952019453048706,1,animated,effnet_politics
347,Non_offensive-sW3bJWW.png,"[[ 4.3743057   0.81845284 -0.906868   -0.7224068  -0.251714   -0.5531937
  -0.19374675 -0.03149885 -0.36687884 -0.6121897  -0.9463452  -0.4663255 ]]",4.374305725097656,0,animals,effnet_politics
348,Non_offensive-SWxsby2.png,"[[-0.6972147  -0.24580143 -0.46315098  6.7488213  -0.17593054 -0.17185691
  -0.34594962 -0.42256612 -2.0151474  -0.58566743 -1.5471213  -0.05119805]]",6.748821258544922,3,bernie_sanders,effnet_politics
349,Non_offensive-SXvE9sL.png,"[[-2.2239892   0.04747286  1.3700372  -0.8870854   1.107771    0.01483813
   0.57422125  0.43088812  0.54572654 -0.46741658 -0.48152006 -0.7615241 ]]",1.3700371980667114,2,barack_obama,effnet_politics
350,Non_offensive-SZTu5uv.png,"[[ 0.18474814  1.3603785  -1.2031745  -0.7175915   0.17178994  0.9793453
  -0.01866875  0.21099453 -0.1022687  -0.70652074 -0.3386898  -0.18048498]]",1.3603785037994385,1,animated,effnet_politics
351,Non_offensive-T2Jt2ry.png,"[[ 3.9644103  -0.7606938  -0.4436643  -0.77405274 -0.38195533 -0.18562892
  -0.21225578 -0.13050932 -0.25941798  0.20198391 -0.4242422  -0.36922067]]",3.9644103050231934,0,animals,effnet_politics
352,Non_offensive-T35mICA.png,"[[-1.24386     1.469162    1.0084218   0.20676729 -1.681474   -1.7046717
  -1.436897    0.42723465  2.7167814   0.04409617 -0.3589568  -0.0811644 ]]",2.7167813777923584,8,joe_biden,effnet_politics
353,Non_offensive-t4xWpee.png,"[[-0.99061716  0.8605092  -0.72578746  0.1355995  -0.5608747   0.62003016
   1.0125966   0.0841036  -0.2804658   0.07232834 -0.17099153 -0.25631502]]",1.012596607208252,6,george_w_bush,effnet_politics
354,Non_offensive-T9pQAFP.png,"[[ 0.49687046  1.659031   -0.7512094  -0.8087028  -0.3969582  -1.1425006
  -0.23132582  0.76479614 -1.2266754   3.0582297  -2.0750144   0.85020566]]",3.058229684829712,9,kamala_harris,effnet_politics
355,Non_offensive-TbOyNzW.png,"[[-0.9518328  -0.09708776 -0.63733923  5.5334272  -0.05293122 -0.45562634
  -0.12220819  0.54128253 -1.9775254  -0.7631337  -1.0846502  -0.3584534 ]]",5.5334272384643555,3,bernie_sanders,effnet_politics
356,Non_offensive-tcXzxyV.png,"[[-0.18005255  1.8290209  -0.5235919  -0.55921865 -0.1418319  -0.3602183
   0.40974092 -0.23621342 -0.13867086  0.40637398 -0.18837383 -0.8151748 ]]",1.8290208578109741,1,animated,effnet_politics
357,Non_offensive-Tf1mhKt.png,"[[ 3.4535162e+00 -4.1142082e-01 -7.1949804e-01 -1.1140646e+00
  -5.0563610e-01 -4.8522547e-01  3.9147893e-01  1.9539350e+00
  -7.7352464e-01 -9.4436109e-04 -1.2864733e+00 -4.1789231e-01]]",3.4535162448883057,0,animals,effnet_politics
358,Non_offensive-TFRcH6Q.png,"[[-0.53925145  1.3438249  -0.12732558 -0.3748877  -0.0950687  -0.10285327
   0.32441625 -0.2967986  -0.16625166  0.1579106  -0.02842185 -0.28747118]]",1.343824863433838,1,animated,effnet_politics
359,Non_offensive-THX9f3n.png,"[[ 0.82792604  1.5938965  -0.42996973 -0.40180466 -0.33896655 -0.38825354
   0.35330528  0.05064507 -0.35105655  0.30577517 -0.38353282 -0.90123963]]",1.593896508216858,1,animated,effnet_politics
360,Non_offensive-tINjUCc.png,"[[-0.54295087  0.6879055   6.5758967  -0.547822   -0.94038916 -1.6291889
  -0.35477754 -0.62805057 -1.6687092  -0.47210038 -1.6162933  -0.27115226]]",6.575896739959717,2,barack_obama,effnet_politics
361,Non_offensive-TjsILvp.png,"[[-1.1388183  -0.51743454 -0.83580047  1.199466   -0.76511765  0.27788305
   2.098067    2.6784415  -0.74549186 -1.4075326   0.36234248 -1.4665296 ]]",2.6784415245056152,7,hillary_clinton,effnet_politics
362,Non_offensive-tKPYO8r.png,"[[-0.887763    1.3483536  -0.5951311   4.800045   -0.04792352 -0.49940953
  -0.73778445  0.04447259 -1.445304   -0.79692274 -1.4209626   0.06565544]]",4.800045013427734,3,bernie_sanders,effnet_politics
363,Non_offensive-TL8WSKV.png,"[[ 0.14352778  2.9064445  -0.6515254   0.17235917 -1.3363262  -0.5070653
   1.1591518  -0.86030924 -0.2262145  -0.11538437 -0.24165949 -0.3642214 ]]",2.906444549560547,1,animated,effnet_politics
364,Non_offensive-tMzNcad.png,"[[ 2.8123777   1.8507528  -1.1191055  -1.6361015  -1.0753269  -1.0158491
   1.9823775   0.29113364  0.3362291   0.7548894  -1.593404   -2.110639  ]]",2.812377691268921,0,animals,effnet_politics
365,Non_offensive-TOuTChz.png,"[[-0.77608514  4.89524    -0.3465272  -1.2096944   0.13039325 -0.73529875
   0.10963327 -0.57604265 -0.3206335  -0.3502019  -0.9618814  -0.36151695]]",4.89523983001709,1,animated,effnet_politics
366,Non_offensive-TqFVPVE.png,"[[-0.80689836 -0.5983505  -0.30993974  5.5575075  -0.32919982  0.07418956
  -0.06618766 -0.16685241 -1.7621397  -0.493864   -1.1961722  -0.2298412 ]]",5.557507514953613,3,bernie_sanders,effnet_politics
367,Non_offensive-TyYDiSx.png,"[[ 1.444871    0.515897   -0.6550427  -0.91093385  0.3738073   0.31248897
   0.46797726  0.9361489   0.20212325 -0.3115734  -1.2623512  -1.5347635 ]]",1.444870948791504,0,animals,effnet_politics
368,Non_offensive-ubeo3Ya.png,"[[-2.1261487   2.6805556   2.321229   -1.0113988   1.1672528  -0.53292537
   1.2644191  -0.65271664 -1.7810733  -0.36710972 -1.2621455  -0.7242086 ]]",2.680555582046509,1,animated,effnet_politics
369,Non_offensive-uDbb5Gk.png,"[[-7.7266455e-01  2.2592396e-03 -7.0848078e-01  5.5236921e+00
  -7.1760662e-02 -4.1032937e-01 -4.1774252e-01  3.6858803e-01
  -1.7272316e+00 -6.1324424e-01 -1.3690290e+00 -1.6082326e-01]]",5.5236921310424805,3,bernie_sanders,effnet_politics
370,Non_offensive-uDZH05A.png,"[[ 0.41560212  2.1679983  -0.22986054 -1.0572958  -0.8493396   0.01421125
   0.37246636  0.8056036   0.09238523 -0.30505365 -0.66301405 -0.81976795]]",2.1679983139038086,1,animated,effnet_politics
371,Non_offensive-uelxFPQ.png,"[[-1.0430138   2.6244876  -1.0558871  -1.598355    4.212615    0.7011074
  -0.7493468   0.07735513 -0.15385467 -0.4744752  -1.7451419  -1.4838185 ]]",4.212615013122559,4,bill_clinton,effnet_politics
372,Non_offensive-ugTPNMd.png,"[[ 1.024456    0.85129744 -0.6676805  -0.6781572   0.53292555 -0.01657662
   0.4709786   0.27068597 -0.28676924  0.22238134 -0.8497764  -1.2888061 ]]",1.0244560241699219,0,animals,effnet_politics
373,Non_offensive-UK1yqyr.png,"[[-0.593632    4.6169763  -0.63051426 -0.6950517   0.01859052 -0.7392868
   0.27070776 -0.50499207 -0.4549861   0.10210718 -0.573617   -1.653162  ]]",4.616976261138916,1,animated,effnet_politics
374,Non_offensive-uluP5WP.png,"[[ 0.68659854  1.0956243  -0.3461653  -0.414589   -0.21660832 -0.36146727
   0.52108234 -0.02857663 -0.02059219  0.20324577 -0.2600469  -0.7386241 ]]",1.095624327659607,1,animated,effnet_politics
375,Non_offensive-UTDvvsp.png,"[[ 0.03337577  2.672024   -0.83680624 -0.5542648  -0.6373602  -0.0131462
   1.8363894  -0.77675617 -1.1374922   0.02524412 -0.21001093 -0.42350036]]",2.6720240116119385,1,animated,effnet_politics
376,Non_offensive-uTYLSi7.png,"[[-0.78120434  3.4373443  -0.534513   -0.38043487 -0.20986997 -0.31823573
   0.25404182  0.47214037 -0.47243163 -0.6212436  -0.54358685 -0.86617744]]",3.4373443126678467,1,animated,effnet_politics
377,Non_offensive-V2wUrRj.png,"[[-0.00544637  0.3405007  -0.90383345 -0.46537217 -0.39593843 -1.2915494
   1.3566042   4.357401   -0.74550104 -0.01136111 -0.80794567 -2.061992  ]]",4.357400894165039,7,hillary_clinton,effnet_politics
378,Non_offensive-V6MP5lX.png,"[[ 0.1251159   4.3145328  -1.0357141  -0.35255826 -0.9307212  -0.25180048
  -0.49049056 -0.67359424 -0.28733113 -0.32999635 -0.7235116   0.05164512]]",4.31453275680542,1,animated,effnet_politics
379,Non_offensive-V7Ie6Os.png,"[[ 1.4572967   2.2288835  -0.36402538 -0.856448   -1.0920818   0.93532467
   0.3566123   0.09668837 -0.78546715  0.14428453 -1.3594882  -1.2457308 ]]",2.2288835048675537,1,animated,effnet_politics
380,Non_offensive-V9SBG1K.png,"[[ 0.87434965  1.0931479  -0.42318985 -0.7874467   0.13533577 -0.21539265
   0.7268422   0.30100042 -0.26968214  0.14182399 -0.7073502  -1.0823041 ]]",1.093147873878479,1,animated,effnet_politics
381,Non_offensive-VAJZJJV.png,"[[ 7.5038493e-02  1.3820463e+00 -5.1353353e-01 -9.1956800e-01
   3.5383937e-01  1.5842530e-01  3.7315252e-01  2.7571583e-01
   1.1079386e-03 -7.1056053e-02 -5.1044255e-01 -9.9452066e-01]]",1.3820463418960571,1,animated,effnet_politics
382,Non_offensive-Vi4Kjyx.png,"[[-2.1519215e+00  8.7619686e-01 -1.0703454e+00  4.9594913e+00
   2.4721762e-03  7.5599980e-01 -1.8167922e-01 -5.5603880e-01
  -2.8799763e-01 -7.9927379e-01 -8.0908823e-01 -9.3542922e-01]]",4.95949125289917,3,bernie_sanders,effnet_politics
383,Non_offensive-VlcI2AV.png,"[[ 0.82127327  2.5838509  -1.3973742  -0.33944827 -0.5073691  -0.96578276
   0.3192728   0.5306031   0.45787254 -0.7620373  -0.821429   -0.22169837]]",2.583850860595703,1,animated,effnet_politics
384,Non_offensive-VMtdwll.png,"[[-1.6382171  -0.4689284  -0.63434416  3.667484    0.2277994  -2.2616677
   0.7662671  -0.426886   -1.1952373  -0.8622337   3.75431     0.01221335]]",3.754309892654419,10,mike_pence,effnet_politics
385,Non_offensive-VOiuzA6.png,"[[-2.3405664   0.52563536  1.6692152  -1.2113588   1.2854415   0.30952433
   2.3765607  -1.0873567  -0.31980342 -1.2911279   0.11711212 -0.7610017 ]]",2.376560688018799,6,george_w_bush,effnet_politics
386,Non_offensive-VoNgxAD.png,"[[-1.643283    1.5672628   1.3946767  -0.7218285  -0.63708186  1.2903727
   0.6089866  -0.63240355  0.7800491   0.23335306 -0.47120363 -1.9939599 ]]",1.5672627687454224,1,animated,effnet_politics
387,Non_offensive-VSbm5Ul.png,"[[ 1.7555988   2.7031496  -0.99833983 -0.7219984  -1.2043433  -0.6398846
   0.66335225 -0.37577885 -0.24051845  0.44730943 -1.1486344  -0.28257692]]",2.7031495571136475,1,animated,effnet_politics
388,Non_offensive-VvMdZpV.png,"[[-1.2696502   4.5711823  -0.67150456 -0.86153555 -0.605025   -1.059993
   0.6902129   1.2736228  -1.4389126  -1.0400583  -0.8488594  -0.4108239 ]]",4.5711822509765625,1,animated,effnet_politics
389,Non_offensive-WBYOXcj.png,"[[ 1.2962894   1.6208698  -0.4132928  -0.28288957  0.1359776   1.7125086
   0.24651745  0.51693094 -1.505238    0.00471273 -2.235888   -1.2726136 ]]",1.7125085592269897,5,donald_trump,effnet_politics
